"Source","RelativePath","FileName","Extension","LengthBytes","IsText"
"air-combat-script","mod.info","mod.info",".info","307","True"
"air-combat-script","for editor\Put this into your map folder and load it using F3 mode.mi","Put this into your map folder and load it using F3 mode.mi",".mi","774","True"
"air-combat-script","localizations\ch.zip","ch.zip",".zip","4013982","False"
"air-combat-script","localizations\default.zip","default.zip",".zip","2741497","False"
"air-combat-script","localizations\ch\localization.info","localization.info",".info","125","True"
"air-combat-script","localizations\ch\interface\text\dlg_2.po","dlg_2.po",".po","733","True"
"air-combat-script","localizations\ch\interface\text\dlg_credits.po","dlg_credits.po",".po","9932","True"
"air-combat-script","localizations\ch\interface\text\dlg_frontend.po","dlg_frontend.po",".po","193024","True"
"air-combat-script","localizations\ch\interface\text\dlg_frontend_fh.po","dlg_frontend_fh.po",".po","984","True"
"air-combat-script","localizations\ch\interface\text\dlg_ingame.po","dlg_ingame.po",".po","95627","True"
"air-combat-script","localizations\ch\interface\text\dlg_mp.po","dlg_mp.po",".po","110169","True"
"air-combat-script","localizations\ch\interface\text\dlg_mp_domination.po","dlg_mp_domination.po",".po","2054","True"
"air-combat-script","localizations\ch\interface\text\dlg_mp_frontlines.po","dlg_mp_frontlines.po",".po","4318","True"
"air-combat-script","localizations\ch\interface\text\dlg_mp_laststand.po","dlg_mp_laststand.po",".po","2442","True"
"air-combat-script","localizations\ch\interface\text\doctrines.po","doctrines.po",".po","8500","True"
"air-combat-script","localizations\ch\interface\text\doctrines_eng.po","doctrines_eng.po",".po","1371","True"
"air-combat-script","localizations\ch\interface\text\doctrines_usa.po","doctrines_usa.po",".po","1031","True"
"air-combat-script","localizations\ch\interface\text\editor.po","editor.po",".po","7904","True"
"air-combat-script","localizations\ch\interface\text\info.po","info.po",".po","204057","True"
"air-combat-script","localizations\ch\interface\text\mission.po","mission.po",".po","13865","True"
"air-combat-script","localizations\ch\interface\text\mission_finesthour.po","mission_finesthour.po",".po","5511","True"
"air-combat-script","localizations\ch\interface\text\mission_jubilee.po","mission_jubilee.po",".po","996","True"
"air-combat-script","localizations\ch\interface\text\mission_liberation.po","mission_liberation.po",".po","6728","True"
"air-combat-script","localizations\ch\interface\text\tips.po","tips.po",".po","17508","True"
"air-combat-script","localizations\ch\interface\text\announcements\announcement.po","announcement.po",".po","1149","True"
"air-combat-script","localizations\ch\interface\text\announcements\cu6.po","cu6.po",".po","1831","True"
"air-combat-script","localizations\ch\interface\text\announcements\finesthour.po","finesthour.po",".po","1505","True"
"air-combat-script","localizations\ch\interface\text\announcements\finesthour_release.po","finesthour_release.po",".po","1971","True"
"air-combat-script","localizations\ch\interface\text\desc\desc_ammo_eng.po","desc_ammo_eng.po",".po","19866","True"
"air-combat-script","localizations\ch\interface\text\desc\desc_ammo_fin.po","desc_ammo_fin.po",".po","7713","True"
"air-combat-script","localizations\ch\interface\text\desc\desc_ammo_fra.po","desc_ammo_fra.po",".po","748","True"
"air-combat-script","localizations\ch\interface\text\desc\desc_ammo_fra_.po","desc_ammo_fra_.po",".po","740","True"
"air-combat-script","localizations\ch\interface\text\desc\desc_ammo_generic.po","desc_ammo_generic.po",".po","3233","True"
"air-combat-script","localizations\ch\interface\text\desc\desc_ammo_ger.po","desc_ammo_ger.po",".po","21427","True"
"air-combat-script","localizations\ch\interface\text\desc\desc_ammo_ger_cu5.po","desc_ammo_ger_cu5.po",".po","749","True"
"air-combat-script","localizations\ch\interface\text\desc\desc_ammo_rus.po","desc_ammo_rus.po",".po","14501","True"
"air-combat-script","localizations\ch\interface\text\desc\desc_ammo_rus_cu5.po","desc_ammo_rus_cu5.po",".po","492","True"
"air-combat-script","localizations\ch\interface\text\desc\desc_ammo_usa.po","desc_ammo_usa.po",".po","18303","True"
"air-combat-script","localizations\ch\interface\text\desc\desc_breed_airborne_ger.po","desc_breed_airborne_ger.po",".po","10003","True"
"air-combat-script","localizations\ch\interface\text\desc\desc_breed_civilian.po","desc_breed_civilian.po",".po","3012","True"
"air-combat-script","localizations\ch\interface\text\desc\desc_breed_mp_can.po","desc_breed_mp_can.po",".po","11946","True"
"air-combat-script","localizations\ch\interface\text\desc\desc_breed_mp_fin.po","desc_breed_mp_fin.po",".po","56090","True"
"air-combat-script","localizations\ch\interface\text\desc\desc_breed_mp_fin_cu5.po","desc_breed_mp_fin_cu5.po",".po","14005","True"
"air-combat-script","localizations\ch\interface\text\desc\desc_breed_mp_fra.po","desc_breed_mp_fra.po",".po","1649","True"
"air-combat-script","localizations\ch\interface\text\desc\desc_breed_mp_ger.po","desc_breed_mp_ger.po",".po","63693","True"
"air-combat-script","localizations\ch\interface\text\desc\desc_breed_mp_ger_cu5.po","desc_breed_mp_ger_cu5.po",".po","46372","True"
"air-combat-script","localizations\ch\interface\text\desc\desc_breed_mp_ned.po","desc_breed_mp_ned.po",".po","1417","True"
"air-combat-script","localizations\ch\interface\text\desc\desc_breed_mp_pol.po","desc_breed_mp_pol.po",".po","14000","True"
"air-combat-script","localizations\ch\interface\text\desc\desc_breed_mp_rus.po","desc_breed_mp_rus.po",".po","35520","True"
"air-combat-script","localizations\ch\interface\text\desc\desc_breed_mp_rus_cu5.po","desc_breed_mp_rus_cu5.po",".po","31641","True"
"air-combat-script","localizations\ch\interface\text\desc\desc_breed_mp_uk.po","desc_breed_mp_uk.po",".po","125198","True"
"air-combat-script","localizations\ch\interface\text\desc\desc_breed_mp_usa.po","desc_breed_mp_usa.po",".po","178122","True"
"air-combat-script","localizations\ch\interface\text\desc\desc_breed_mp_usa_.po","desc_breed_mp_usa_.po",".po","1431","True"
"air-combat-script","localizations\ch\interface\text\desc\desc_breed_single_ger.po","desc_breed_single_ger.po",".po","42958","True"
"air-combat-script","localizations\ch\interface\text\desc\desc_breed_single_rus.po","desc_breed_single_rus.po",".po","47478","True"
"air-combat-script","localizations\ch\interface\text\desc\desc_breed_special.po","desc_breed_special.po",".po","3204","True"
"air-combat-script","localizations\ch\interface\text\desc\desc_breed_special_.po","desc_breed_special_.po",".po","1055","True"
"air-combat-script","localizations\ch\interface\text\desc\desc_breed_special_airborne.po","desc_breed_special_airborne.po",".po","2141","True"
"air-combat-script","localizations\ch\interface\text\desc\desc_breed_special_cu5.po","desc_breed_special_cu5.po",".po","988","True"
"air-combat-script","localizations\ch\interface\text\desc\desc_breed_special_eng.po","desc_breed_special_eng.po",".po","2977","True"
"air-combat-script","localizations\ch\interface\text\desc\desc_breed_special_ger.po","desc_breed_special_ger.po",".po","2025","True"
"air-combat-script","localizations\ch\interface\text\desc\desc_fauna.po","desc_fauna.po",".po","1399","True"
"air-combat-script","localizations\ch\interface\text\desc\desc_gear_eng.po","desc_gear_eng.po",".po","11259","True"
"air-combat-script","localizations\ch\interface\text\desc\desc_gear_fin.po","desc_gear_fin.po",".po","17777","True"
"air-combat-script","localizations\ch\interface\text\desc\desc_gear_generic.po","desc_gear_generic.po",".po","5655","True"
"air-combat-script","localizations\ch\interface\text\desc\desc_gear_generic_.po","desc_gear_generic_.po",".po","467","True"
"air-combat-script","localizations\ch\interface\text\desc\desc_gear_ger.po","desc_gear_ger.po",".po","65814","True"
"air-combat-script","localizations\ch\interface\text\desc\desc_gear_rus.po","desc_gear_rus.po",".po","6660","True"
"air-combat-script","localizations\ch\interface\text\desc\desc_gear_rus2.po","desc_gear_rus2.po",".po","15341","True"
"air-combat-script","localizations\ch\interface\text\desc\desc_gear_usa.po","desc_gear_usa.po",".po","63927","True"
"air-combat-script","localizations\ch\interface\text\desc\desc_misc_fh.po","desc_misc_fh.po",".po","4192","True"
"air-combat-script","localizations\ch\interface\text\desc\desc_squad.po","desc_squad.po",".po","37505","True"
"air-combat-script","localizations\ch\interface\text\desc\desc_squad_doctrines.po","desc_squad_doctrines.po",".po","71916","True"
"air-combat-script","localizations\ch\interface\text\desc\desc_squad_doctrines_eng.po","desc_squad_doctrines_eng.po",".po","17072","True"
"air-combat-script","localizations\ch\interface\text\desc\desc_squad_doctrines_fin_cu5.po","desc_squad_doctrines_fin_cu5.po",".po","1814","True"
"air-combat-script","localizations\ch\interface\text\desc\desc_squad_doctrines_ger_cu5.po","desc_squad_doctrines_ger_cu5.po",".po","4665","True"
"air-combat-script","localizations\ch\interface\text\desc\desc_squad_doctrines_rus_cu5.po","desc_squad_doctrines_rus_cu5.po",".po","5501","True"
"air-combat-script","localizations\ch\interface\text\desc\desc_squad_doctrines_usa.po","desc_squad_doctrines_usa.po",".po","11413","True"
"air-combat-script","localizations\ch\interface\text\desc\desc_squad_eng.po","desc_squad_eng.po",".po","58301","True"
"air-combat-script","localizations\ch\interface\text\desc\desc_squad_fin_cu5.po","desc_squad_fin_cu5.po",".po","23931","True"
"air-combat-script","localizations\ch\interface\text\desc\desc_squad_fin_dcg_late.po","desc_squad_fin_dcg_late.po",".po","3463","True"
"air-combat-script","localizations\ch\interface\text\desc\desc_squad_ger_cu5.po","desc_squad_ger_cu5.po",".po","26109","True"
"air-combat-script","localizations\ch\interface\text\desc\desc_squad_ger_dcg_late.po","desc_squad_ger_dcg_late.po",".po","4757","True"
"air-combat-script","localizations\ch\interface\text\desc\desc_squad_mp_usa.po","desc_squad_mp_usa.po",".po","26566","True"
"air-combat-script","localizations\ch\interface\text\desc\desc_squad_rus_cu5.po","desc_squad_rus_cu5.po",".po","26707","True"
"air-combat-script","localizations\ch\interface\text\desc\desc_squad_rus_dcg_late.po","desc_squad_rus_dcg_late.po",".po","5892","True"
"air-combat-script","localizations\ch\interface\text\desc\desc_squad_usa_dcg_late.po","desc_squad_usa_dcg_late.po",".po","4166","True"
"air-combat-script","localizations\ch\interface\text\desc\desc_vehicles_eng.po","desc_vehicles_eng.po",".po","49705","True"
"air-combat-script","localizations\ch\interface\text\desc\desc_vehicles_fin.po","desc_vehicles_fin.po",".po","22974","True"
"air-combat-script","localizations\ch\interface\text\desc\desc_vehicles_generic.po","desc_vehicles_generic.po",".po","2877","True"
"air-combat-script","localizations\ch\interface\text\desc\desc_vehicles_ger.po","desc_vehicles_ger.po",".po","36523","True"
"air-combat-script","localizations\ch\interface\text\desc\desc_vehicles_ger_cu5.po","desc_vehicles_ger_cu5.po",".po","4472","True"
"air-combat-script","localizations\ch\interface\text\desc\desc_vehicles_ger_fh.po","desc_vehicles_ger_fh.po",".po","1501","True"
"air-combat-script","localizations\ch\interface\text\desc\desc_vehicles_hun.po","desc_vehicles_hun.po",".po","1175","True"
"air-combat-script","localizations\ch\interface\text\desc\desc_vehicles_rus.po","desc_vehicles_rus.po",".po","33600","True"
"air-combat-script","localizations\ch\interface\text\desc\desc_vehicles_rus_cu5.po","desc_vehicles_rus_cu5.po",".po","1954","True"
"air-combat-script","localizations\ch\interface\text\desc\desc_vehicles_usa.po","desc_vehicles_usa.po",".po","30668","True"
"air-combat-script","localizations\ch\interface\text\desc\desc_weapon_eng.po","desc_weapon_eng.po",".po","11712","True"
"air-combat-script","localizations\ch\interface\text\desc\desc_weapon_fin.po","desc_weapon_fin.po",".po","5383","True"
"air-combat-script","localizations\ch\interface\text\desc\desc_weapon_fra.po","desc_weapon_fra.po",".po","623","True"
"air-combat-script","localizations\ch\interface\text\desc\desc_weapon_generic.po","desc_weapon_generic.po",".po","3802","True"
"air-combat-script","localizations\ch\interface\text\desc\desc_weapon_generic_cu5.po","desc_weapon_generic_cu5.po",".po","938","True"
"air-combat-script","localizations\ch\interface\text\desc\desc_weapon_ger.po","desc_weapon_ger.po",".po","13645","True"
"air-combat-script","localizations\ch\interface\text\desc\desc_weapon_ger_cu5.po","desc_weapon_ger_cu5.po",".po","1435","True"
"air-combat-script","localizations\ch\interface\text\desc\desc_weapon_ger_fh.po","desc_weapon_ger_fh.po",".po","436","True"
"air-combat-script","localizations\ch\interface\text\desc\desc_weapon_rus.po","desc_weapon_rus.po",".po","10592","True"
"air-combat-script","localizations\ch\interface\text\desc\desc_weapon_rus_cu5.po","desc_weapon_rus_cu5.po",".po","1161","True"
"air-combat-script","localizations\ch\interface\text\desc\desc_weapon_usa.po","desc_weapon_usa.po",".po","10148","True"
"air-combat-script","localizations\ch\interface\text\mission\multi\1v1_balzerweg.po","1v1_balzerweg.po",".po","770","True"
"air-combat-script","localizations\ch\interface\text\mission\multi\1v1_crossing.po","1v1_crossing.po",".po","766","True"
"air-combat-script","localizations\ch\interface\text\mission\multi\1v1_fall_gelb_sum.po","1v1_fall_gelb_sum.po",".po","795","True"
"air-combat-script","localizations\ch\interface\text\mission\multi\1v1_farmland.po","1v1_farmland.po",".po","836","True"
"air-combat-script","localizations\ch\interface\text\mission\multi\1v1_farmstead.po","1v1_farmstead.po",".po","776","True"
"air-combat-script","localizations\ch\interface\text\mission\multi\1v1_forssa_dam.po","1v1_forssa_dam.po",".po","783","True"
"air-combat-script","localizations\ch\interface\text\mission\multi\1v1_hiekalla.po","1v1_hiekalla.po",".po","775","True"
"air-combat-script","localizations\ch\interface\text\mission\multi\1v1_holzbach.po","1v1_holzbach.po",".po","838","True"
"air-combat-script","localizations\ch\interface\text\mission\multi\1v1_isigny_ruins.po","1v1_isigny_ruins.po",".po","854","True"
"air-combat-script","localizations\ch\interface\text\mission\multi\1v1_jarven.po","1v1_jarven.po",".po","767","True"
"air-combat-script","localizations\ch\interface\text\mission\multi\1v1_kalinin.po","1v1_kalinin.po",".po","762","True"
"air-combat-script","localizations\ch\interface\text\mission\multi\1v1_ladoga.po","1v1_ladoga.po",".po","767","True"
"air-combat-script","localizations\ch\interface\text\mission\multi\1v1_lazurnyi.po","1v1_lazurnyi.po",".po","766","True"
"air-combat-script","localizations\ch\interface\text\mission\multi\1v1_losheim_gap.po","1v1_losheim_gap.po",".po","850","True"
"air-combat-script","localizations\ch\interface\text\mission\multi\1v1_nevel.po","1v1_nevel.po",".po","760","True"
"air-combat-script","localizations\ch\interface\text\mission\multi\1v1_oosterbeek_sum.po","1v1_oosterbeek_sum.po",".po","799","True"
"air-combat-script","localizations\ch\interface\text\mission\multi\1v1_oryol.po","1v1_oryol.po",".po","760","True"
"air-combat-script","localizations\ch\interface\text\mission\multi\1v1_ouren_valley.po","1v1_ouren_valley.po",".po","854","True"
"air-combat-script","localizations\ch\interface\text\mission\multi\1v1_radar_hill.po","1v1_radar_hill.po",".po","846","True"
"air-combat-script","localizations\ch\interface\text\mission\multi\1v1_reka.po","1v1_reka.po",".po","759","True"
"air-combat-script","localizations\ch\interface\text\mission\multi\1v1_riverbank.po","1v1_riverbank.po",".po","770","True"
"air-combat-script","localizations\ch\interface\text\mission\multi\1v1_solingen_factory_aut.po","1v1_solingen_factory_aut.po",".po","823","True"
"air-combat-script","localizations\ch\interface\text\mission\multi\1v1_tormasenvaara.po","1v1_tormasenvaara.po",".po","795","True"
"air-combat-script","localizations\ch\interface\text\mission\multi\1v1_uran.po","1v1_uran.po",".po","750","True"
"air-combat-script","localizations\ch\interface\text\mission\multi\1v1_valley.po","1v1_valley.po",".po","764","True"
"air-combat-script","localizations\ch\interface\text\mission\multi\1v1_volokolamsk.po","1v1_volokolamsk.po",".po","778","True"
"air-combat-script","localizations\ch\interface\text\mission\multi\1v1_weteringsteeg.po","1v1_weteringsteeg.po",".po","795","True"
"air-combat-script","localizations\ch\interface\text\mission\multi\1v1_workshop.po","1v1_workshop.po",".po","766","True"
"air-combat-script","localizations\ch\interface\text\mission\multi\2v2_blizzard.po","2v2_blizzard.po",".po","766","True"
"air-combat-script","localizations\ch\interface\text\mission\multi\2v2_bubingen.po","2v2_bubingen.po",".po","838","True"
"air-combat-script","localizations\ch\interface\text\mission\multi\2v2_countryside.po","2v2_countryside.po",".po","778","True"
"air-combat-script","localizations\ch\interface\text\mission\multi\2v2_courtyard.po","2v2_courtyard.po",".po","779","True"
"air-combat-script","localizations\ch\interface\text\mission\multi\2v2_dunkirk_dunes_sum.po","2v2_dunkirk_dunes_sum.po",".po","811","True"
"air-combat-script","localizations\ch\interface\text\mission\multi\2v2_fall.po","2v2_fall.po",".po","750","True"
"air-combat-script","localizations\ch\interface\text\mission\multi\2v2_gelid.po","2v2_gelid.po",".po","754","True"
"air-combat-script","localizations\ch\interface\text\mission\multi\2v2_glubinka.po","2v2_glubinka.po",".po","766","True"
"air-combat-script","localizations\ch\interface\text\mission\multi\2v2_grave_sum.po","2v2_grave_sum.po",".po","779","True"
"air-combat-script","localizations\ch\interface\text\mission\multi\2v2_hakola.po","2v2_hakola.po",".po","767","True"
"air-combat-script","localizations\ch\interface\text\mission\multi\2v2_heelsum_sum.po","2v2_heelsum_sum.po",".po","787","True"
"air-combat-script","localizations\ch\interface\text\mission\multi\2v2_hunting.po","2v2_hunting.po",".po","762","True"
"air-combat-script","localizations\ch\interface\text\mission\multi\2v2_hutor.po","2v2_hutor.po",".po","754","True"
"air-combat-script","localizations\ch\interface\text\mission\multi\2v2_industry.po","2v2_industry.po",".po","772","True"
"air-combat-script","localizations\ch\interface\text\mission\multi\2v2_invanovka.po","2v2_invanovka.po",".po","776","True"
"air-combat-script","localizations\ch\interface\text\mission\multi\2v2_kainuo.po","2v2_kainuo.po",".po","767","True"
"air-combat-script","localizations\ch\interface\text\mission\multi\2v2_karvola.po","2v2_karvola.po",".po","771","True"
"air-combat-script","localizations\ch\interface\text\mission\multi\2v2_katrinovo.po","2v2_katrinovo.po",".po","779","True"
"air-combat-script","localizations\ch\interface\text\mission\multi\2v2_kavichy_factory.po","2v2_kavichy_factory.po",".po","794","True"
"air-combat-script","localizations\ch\interface\text\mission\multi\2v2_mannerheim.po","2v2_mannerheim.po",".po","783","True"
"air-combat-script","localizations\ch\interface\text\mission\multi\2v2_marvie_ridge.po","2v2_marvie_ridge.po",".po","854","True"
"air-combat-script","localizations\ch\interface\text\mission\multi\2v2_monastery.po","2v2_monastery.po",".po","779","True"
"air-combat-script","localizations\ch\interface\text\mission\multi\2v2_mortain.po","2v2_mortain.po",".po","771","True"
"air-combat-script","localizations\ch\interface\text\mission\multi\2v2_olshanka.po","2v2_olshanka.po",".po","772","True"
"air-combat-script","localizations\ch\interface\text\mission\multi\2v2_rouncy.po","2v2_rouncy.po",".po","830","True"
"air-combat-script","localizations\ch\interface\text\mission\multi\2v2_sainte_marie_du_mont.po","2v2_sainte_marie_du_mont.po",".po","886","True"
"air-combat-script","localizations\ch\interface\text\mission\multi\2v2_shaforovo.po","2v2_shaforovo.po",".po","776","True"
"air-combat-script","localizations\ch\interface\text\mission\multi\2v2_stalingard.po","2v2_stalingard.po",".po","783","True"
"air-combat-script","localizations\ch\interface\text\mission\multi\2v2_stalingrad.po","2v2_stalingrad.po",".po","774","True"
"air-combat-script","localizations\ch\interface\text\mission\multi\2v2_st_vith.po","2v2_st_vith.po",".po","834","True"
"air-combat-script","localizations\ch\interface\text\mission\multi\2v2_suburbs.po","2v2_suburbs.po",".po","771","True"
"air-combat-script","localizations\ch\interface\text\mission\multi\2v2_suishka.po","2v2_suishka.po",".po","768","True"
"air-combat-script","localizations\ch\interface\text\mission\multi\2v2_tikhvin.po","2v2_tikhvin.po",".po","762","True"
"air-combat-script","localizations\ch\interface\text\mission\multi\2v2_urban_hell.po","2v2_urban_hell.po",".po","783","True"
"air-combat-script","localizations\ch\interface\text\mission\multi\2v2_vainikalan.po","2v2_vainikalan.po",".po","783","True"
"air-combat-script","localizations\ch\interface\text\mission\multi\2v2_wesel_aut.po","2v2_wesel_aut.po",".po","779","True"
"air-combat-script","localizations\ch\interface\text\mission\multi\2v2_ziborovo.po","2v2_ziborovo.po",".po","766","True"
"air-combat-script","localizations\ch\interface\text\mission\multi\3v3_barrikady.po","3v3_barrikady.po",".po","776","True"
"air-combat-script","localizations\ch\interface\text\mission\multi\3v3_brozha.po","3v3_brozha.po",".po","758","True"
"air-combat-script","localizations\ch\interface\text\mission\multi\3v3_canals_sum.po","3v3_canals_sum.po",".po","783","True"
"air-combat-script","localizations\ch\interface\text\mission\multi\3v3_elanskaya.po","3v3_elanskaya.po",".po","776","True"
"air-combat-script","localizations\ch\interface\text\mission\multi\3v3_factory.po","3v3_factory.po",".po","771","True"
"air-combat-script","localizations\ch\interface\text\mission\multi\3v3_general_winter.po","3v3_general_winter.po",".po","790","True"
"air-combat-script","localizations\ch\interface\text\mission\multi\3v3_glushkovo.po","3v3_glushkovo.po",".po","770","True"
"air-combat-script","localizations\ch\interface\text\mission\multi\3v3_hamminkeln_aut.po","3v3_hamminkeln_aut.po",".po","799","True"
"air-combat-script","localizations\ch\interface\text\mission\multi\3v3_hqvistvaara.po","3v3_hqvistvaara.po",".po","787","True"
"air-combat-script","localizations\ch\interface\text\mission\multi\3v3_hungary.po","3v3_hungary.po",".po","759","True"
"air-combat-script","localizations\ch\interface\text\mission\multi\3v3_hurtgenwald.po","3v3_hurtgenwald.po",".po","850","True"
"air-combat-script","localizations\ch\interface\text\mission\multi\3v3_king_of_the_hill.po","3v3_king_of_the_hill.po",".po","804","True"
"air-combat-script","localizations\ch\interface\text\mission\multi\3v3_lakeside_airfield.po","3v3_lakeside_airfield.po",".po","808","True"
"air-combat-script","localizations\ch\interface\text\mission\multi\3v3_lakhta.po","3v3_lakhta.po",".po","767","True"
"air-combat-script","localizations\ch\interface\text\mission\multi\3v3_lalobbe.po","3v3_lalobbe.po",".po","834","True"
"air-combat-script","localizations\ch\interface\text\mission\multi\3v3_mikli.po","3v3_mikli.po",".po","763","True"
"air-combat-script","localizations\ch\interface\text\mission\multi\3v3_mont_cassel.po","3v3_mont_cassel.po",".po","787","True"
"air-combat-script","localizations\ch\interface\text\mission\multi\3v3_mortain_station.po","3v3_mortain_station.po",".po","866","True"
"air-combat-script","localizations\ch\interface\text\mission\multi\3v3_natramala.po","3v3_natramala.po",".po","779","True"
"air-combat-script","localizations\ch\interface\text\mission\multi\3v3_posenov.po","3v3_posenov.po",".po","768","True"
"air-combat-script","localizations\ch\interface\text\mission\multi\3v3_radusha_airfield.po","3v3_radusha_airfield.po",".po","807","True"
"air-combat-script","localizations\ch\interface\text\mission\multi\3v3_ranes.po","3v3_ranes.po",".po","826","True"
"air-combat-script","localizations\ch\interface\text\mission\multi\3v3_samree.po","3v3_samree.po",".po","830","True"
"air-combat-script","localizations\ch\interface\text\mission\multi\3v3_sopheke_quarry.po","3v3_sopheke_quarry.po",".po","799","True"
"air-combat-script","localizations\ch\interface\text\mission\multi\3v3_steppe.po","3v3_steppe.po",".po","758","True"
"air-combat-script","localizations\ch\interface\text\mission\multi\3v3_trenches.po","3v3_trenches.po",".po","766","True"
"air-combat-script","localizations\ch\interface\text\mission\multi\3v3_voronezh.po","3v3_voronezh.po",".po","772","True"
"air-combat-script","localizations\ch\interface\text\mission\multi\3v3_wotan.po","3v3_wotan.po",".po","754","True"
"air-combat-script","localizations\ch\interface\text\mission\multi\3v3_zeeland_sum.po","3v3_zeeland_sum.po",".po","787","True"
"air-combat-script","localizations\ch\interface\text\mission\multi\3v3_ziborovo.po","3v3_ziborovo.po",".po","772","True"
"air-combat-script","localizations\ch\interface\text\mission\multi\4v4_arras_countryside_sum.po","4v4_arras_countryside_sum.po",".po","827","True"
"air-combat-script","localizations\ch\interface\text\mission\multi\4v4_dubovka.po","4v4_dubovka.po",".po","771","True"
"air-combat-script","localizations\ch\interface\text\mission\multi\4v4_eindhoven.po","4v4_eindhoven.po",".po","779","True"
"air-combat-script","localizations\ch\interface\text\mission\multi\4v4_fields.po","4v4_fields.po",".po","830","True"
"air-combat-script","localizations\ch\interface\text\mission\multi\4v4_grassland.po","4v4_grassland.po",".po","776","True"
"air-combat-script","localizations\ch\interface\text\mission\multi\4v4_hanhijarvi.po","4v4_hanhijarvi.po",".po","783","True"
"air-combat-script","localizations\ch\interface\text\mission\multi\4v4_hills.po","4v4_hills.po",".po","758","True"
"air-combat-script","localizations\ch\interface\text\mission\multi\4v4_hill_331.po","4v4_hill_331.po",".po","838","True"
"air-combat-script","localizations\ch\interface\text\mission\multi\4v4_houdremont.po","4v4_houdremont.po",".po","846","True"
"air-combat-script","localizations\ch\interface\text\mission\multi\4v4_kirjavala.po","4v4_kirjavala.po",".po","779","True"
"air-combat-script","localizations\ch\interface\text\mission\multi\4v4_krasny_bor.po","4v4_krasny_bor.po",".po","783","True"
"air-combat-script","localizations\ch\interface\text\mission\multi\4v4_kylmapuro.po","4v4_kylmapuro.po",".po","779","True"
"air-combat-script","localizations\ch\interface\text\mission\multi\4v4_lysovo.po","4v4_lysovo.po",".po","767","True"
"air-combat-script","localizations\ch\interface\text\mission\multi\4v4_martinville_ridge.po","4v4_martinville_ridge.po",".po","874","True"
"air-combat-script","localizations\ch\interface\text\mission\multi\4v4_niemen.po","4v4_niemen.po",".po","758","True"
"air-combat-script","localizations\ch\interface\text\mission\multi\4v4_olkhovatka.po","4v4_olkhovatka.po",".po","783","True"
"air-combat-script","localizations\ch\interface\text\mission\multi\4v4_purple_heart_lane.po","4v4_purple_heart_lane.po",".po","874","True"
"air-combat-script","localizations\ch\interface\text\mission\multi\4v4_remagen_aut.po","4v4_remagen_aut.po",".po","787","True"
"air-combat-script","localizations\ch\interface\text\mission\multi\4v4_rikila.po","4v4_rikila.po",".po","767","True"
"air-combat-script","localizations\ch\interface\text\mission\multi\4v4_schoppen.po","4v4_schoppen.po",".po","838","True"
"air-combat-script","localizations\ch\interface\text\mission\multi\4v4_shiryayevo.po","4v4_shiryayevo.po",".po","780","True"
"air-combat-script","localizations\ch\interface\text\mission\multi\4v4_sikovitsy.po","4v4_sikovitsy.po",".po","776","True"
"air-combat-script","localizations\ch\interface\text\mission\multi\4v4_swamp.po","4v4_swamp.po",".po","754","True"
"air-combat-script","localizations\ch\interface\text\mission\multi\4v4_vahikkala.po","4v4_vahikkala.po",".po","779","True"
"air-combat-script","localizations\ch\interface\text\mission\multi\4v4_vitebsk.po","4v4_vitebsk.po",".po","771","True"
"air-combat-script","localizations\ch\interface\text\mission\multi\4v4_vlissingen_breach.po","4v4_vlissingen_breach.po",".po","811","True"
"air-combat-script","localizations\ch\interface\text\mission\multi\4v4_winter_walk.po","4v4_winter_walk.po",".po","778","True"
"air-combat-script","localizations\ch\interface\text\mission\multi\common.po","common.po",".po","2526","True"
"air-combat-script","localizations\ch\interface\text\mission\multi\dcg_hanhijarvi.po","dcg_hanhijarvi.po",".po","783","True"
"air-combat-script","localizations\ch\interface\text\mission\multi\dcg_hanhijarvi_winter.po","dcg_hanhijarvi_winter.po",".po","811","True"
"air-combat-script","localizations\ch\interface\text\mission\multi\dcg_karvola.po","dcg_karvola.po",".po","771","True"
"air-combat-script","localizations\ch\interface\text\mission\multi\dcg_karvola_spring.po","dcg_karvola_spring.po",".po","799","True"
"air-combat-script","localizations\ch\interface\text\mission\multi\dcg_kirjavala.po","dcg_kirjavala.po",".po","779","True"
"air-combat-script","localizations\ch\interface\text\mission\multi\dcg_kirjavala_winter.po","dcg_kirjavala_winter.po",".po","807","True"
"air-combat-script","localizations\ch\interface\text\mission\multi\dcg_kirkenes_airfield.po","dcg_kirkenes_airfield.po",".po","811","True"
"air-combat-script","localizations\ch\interface\text\mission\multi\dcg_kylmapuro.po","dcg_kylmapuro.po",".po","779","True"
"air-combat-script","localizations\ch\interface\text\mission\multi\dcg_kylmapuro_winter.po","dcg_kylmapuro_winter.po",".po","807","True"
"air-combat-script","localizations\ch\interface\text\mission\multi\dcg_kymhi_airfield.po","dcg_kymhi_airfield.po",".po","799","True"
"air-combat-script","localizations\ch\interface\text\mission\multi\dcg_kymhi_airfield_winter.po","dcg_kymhi_airfield_winter.po",".po","827","True"
"air-combat-script","localizations\ch\interface\text\mission\multi\dcg_laisniemi.po","dcg_laisniemi.po",".po","779","True"
"air-combat-script","localizations\ch\interface\text\mission\multi\dcg_laisniemi_winter.po","dcg_laisniemi_winter.po",".po","807","True"
"air-combat-script","localizations\ch\interface\text\mission\multi\dcg_lakhta.po","dcg_lakhta.po",".po","767","True"
"air-combat-script","localizations\ch\interface\text\mission\multi\dcg_lakhta_winter.po","dcg_lakhta_winter.po",".po","795","True"
"air-combat-script","localizations\ch\interface\text\mission\multi\dcg_lysovo.po","dcg_lysovo.po",".po","767","True"
"air-combat-script","localizations\ch\interface\text\mission\multi\dcg_mikli.po","dcg_mikli.po",".po","763","True"
"air-combat-script","localizations\ch\interface\text\mission\multi\dcg_mikli_winter.po","dcg_mikli_winter.po",".po","791","True"
"air-combat-script","localizations\ch\interface\text\mission\multi\dcg_natramala.po","dcg_natramala.po",".po","779","True"
"air-combat-script","localizations\ch\interface\text\mission\multi\dcg_natramala_winter.po","dcg_natramala_winter.po",".po","807","True"
"air-combat-script","localizations\ch\interface\text\mission\multi\dcg_puhoksen.po","dcg_puhoksen.po",".po","775","True"
"air-combat-script","localizations\ch\interface\text\mission\multi\dcg_puhoksen_winter.po","dcg_puhoksen_winter.po",".po","803","True"
"air-combat-script","localizations\ch\interface\text\mission\multi\dcg_vainikalan.po","dcg_vainikalan.po",".po","783","True"
"air-combat-script","localizations\ch\interface\text\mission\multi\dcg_vainikalan_winter.po","dcg_vainikalan_winter.po",".po","811","True"
"air-combat-script","localizations\ch\interface\text\mission\multi\0_frontlines\1v1_barbarossa.po","1v1_barbarossa.po",".po","832","True"
"air-combat-script","localizations\ch\interface\text\mission\multi\0_frontlines\1v1_cobra.po","1v1_cobra.po",".po","812","True"
"air-combat-script","localizations\ch\interface\text\mission\multi\0_frontlines\1v1_karjala.po","1v1_karjala.po",".po","820","True"
"air-combat-script","localizations\ch\interface\text\mission\multi\0_frontlines\1v1_reichswald_aut.po","1v1_reichswald_aut.po",".po","851","True"
"air-combat-script","localizations\ch\interface\text\mission\multi\0_frontlines\2v2_bastogne.po","2v2_bastogne.po",".po","824","True"
"air-combat-script","localizations\ch\interface\text\mission\multi\0_frontlines\2v2_blitzkrieg.po","2v2_blitzkrieg.po",".po","835","True"
"air-combat-script","localizations\ch\interface\text\mission\multi\0_frontlines\2v2_stalingrad_factory.po","2v2_stalingrad_factory.po",".po","864","True"
"air-combat-script","localizations\ch\interface\text\mission\multi\0_frontlines\2v2_tali_ihantala.po","2v2_tali_ihantala.po",".po","844","True"
"air-combat-script","localizations\ch\interface\text\mission\multi\0_frontlines\3v3_crimea.po","3v3_crimea.po",".po","816","True"
"air-combat-script","localizations\ch\interface\text\mission\multi\0_frontlines\3v3_hells_highway.po","3v3_hells_highway.po",".po","847","True"
"air-combat-script","localizations\ch\interface\text\mission\multi\0_frontlines\3v3_normandy.po","3v3_normandy.po",".po","824","True"
"air-combat-script","localizations\ch\interface\text\mission\multi\0_frontlines\3v3_volga.po","3v3_volga.po",".po","812","True"
"air-combat-script","localizations\ch\interface\text\mission\multi\0_frontlines\4v4_goodwood.po","4v4_goodwood.po",".po","827","True"
"air-combat-script","localizations\ch\interface\text\mission\multi\0_frontlines\4v4_kursk.po","4v4_kursk.po",".po","812","True"
"air-combat-script","localizations\ch\interface\text\mission\multi\0_frontlines\4v4_mannerheim.po","4v4_mannerheim.po",".po","832","True"
"air-combat-script","localizations\ch\interface\text\mission\multi\0_frontlines\4v4_siegfried.po","4v4_siegfried.po",".po","828","True"
"air-combat-script","localizations\ch\interface\text\mission\single\common.po","common.po",".po","2653","True"
"air-combat-script","localizations\ch\interface\text\mission\single\00-bootcamp\01_inf-control.po","01_inf-control.po",".po","13650","True"
"air-combat-script","localizations\ch\interface\text\mission\single\00-bootcamp\02_vehicle-control.po","02_vehicle-control.po",".po","12366","True"
"air-combat-script","localizations\ch\interface\text\mission\single\00-bootcamp\03_artillery-reinforcements.po","03_artillery-reinforcements.po",".po","11766","True"
"air-combat-script","localizations\ch\interface\text\mission\single\00-bootcamp\04_reinforcements-offmap-support.po","04_reinforcements-offmap-support.po",".po","12375","True"
"air-combat-script","localizations\ch\interface\text\mission\single\00-bootcamp\1-training.po","1-training.po",".po","29230","True"
"air-combat-script","localizations\ch\interface\text\mission\single\00-bootcamp\2-combat.po","2-combat.po",".po","15472","True"
"air-combat-script","localizations\ch\interface\text\mission\single\00-bootcamp\campaign.po","campaign.po",".po","562","True"
"air-combat-script","localizations\ch\interface\text\mission\single\01-rus\1941_11_typhoon.po","1941_11_typhoon.po",".po","10810","True"
"air-combat-script","localizations\ch\interface\text\mission\single\01-rus\1941_12_tikhvin.po","1941_12_tikhvin.po",".po","24866","True"
"air-combat-script","localizations\ch\interface\text\mission\single\01-rus\1942_05_kerch.po","1942_05_kerch.po",".po","32471","True"
"air-combat-script","localizations\ch\interface\text\mission\single\01-rus\1942_09_pavlovs_house.po","1942_09_pavlovs_house.po",".po","11558","True"
"air-combat-script","localizations\ch\interface\text\mission\single\01-rus\1942_10_obsich.po","1942_10_obsich.po",".po","18672","True"
"air-combat-script","localizations\ch\interface\text\mission\single\01-rus\1942_12_winterstorm.po","1942_12_winterstorm.po",".po","35875","True"
"air-combat-script","localizations\ch\interface\text\mission\single\01-rus\1943_07_ponyri.po","1943_07_ponyri.po",".po","8587","True"
"air-combat-script","localizations\ch\interface\text\mission\single\01-rus\1943_11_kiev.po","1943_11_kiev.po",".po","7647","True"
"air-combat-script","localizations\ch\interface\text\mission\single\01-rus\1944_10_courland.po","1944_10_courland.po",".po","14865","True"
"air-combat-script","localizations\ch\interface\text\mission\single\01-rus\1945_04_konigsberg.po","1945_04_konigsberg.po",".po","9737","True"
"air-combat-script","localizations\ch\interface\text\mission\single\01-rus\campaign.po","campaign.po",".po","520","True"
"air-combat-script","localizations\ch\interface\text\mission\single\01-rus_skirmish\campaign.po","campaign.po",".po","541","True"
"air-combat-script","localizations\ch\interface\text\mission\single\02-ger\1941_10_glushkovo.po","1941_10_glushkovo.po",".po","10783","True"
"air-combat-script","localizations\ch\interface\text\mission\single\02-ger\1942_01_vyazma.po","1942_01_vyazma.po",".po","18687","True"
"air-combat-script","localizations\ch\interface\text\mission\single\02-ger\1942_06_sevastopol.po","1942_06_sevastopol.po",".po","12490","True"
"air-combat-script","localizations\ch\interface\text\mission\single\02-ger\1942_09_elbrus.po","1942_09_elbrus.po",".po","24386","True"
"air-combat-script","localizations\ch\interface\text\mission\single\02-ger\1943_02_krasny_bor.po","1943_02_krasny_bor.po",".po","13002","True"
"air-combat-script","localizations\ch\interface\text\mission\single\02-ger\1943_07_petrovka.po","1943_07_petrovka.po",".po","26146","True"
"air-combat-script","localizations\ch\interface\text\mission\single\02-ger\1943_11_wotan.po","1943_11_wotan.po",".po","16391","True"
"air-combat-script","localizations\ch\interface\text\mission\single\02-ger\1944_03_narva.po","1944_03_narva.po",".po","13544","True"
"air-combat-script","localizations\ch\interface\text\mission\single\02-ger\1944_09_yugoslavia.po","1944_09_yugoslavia.po",".po","11714","True"
"air-combat-script","localizations\ch\interface\text\mission\single\02-ger\1945_03_spring-awakening.po","1945_03_spring-awakening.po",".po","11343","True"
"air-combat-script","localizations\ch\interface\text\mission\single\02-ger\campaign.po","campaign.po",".po","526","True"
"air-combat-script","localizations\ch\interface\text\mission\single\02-ger-west\1944_06_saint_lo_hills.po","1944_06_saint_lo_hills.po",".po","15302","True"
"air-combat-script","localizations\ch\interface\text\mission\single\02-ger-west\1944_08_07_luttich.po","1944_08_07_luttich.po",".po","12156","True"
"air-combat-script","localizations\ch\interface\text\mission\single\02-ger-west\1944_08_19_falaise_escape.po","1944_08_19_falaise_escape.po",".po","12873","True"
"air-combat-script","localizations\ch\interface\text\mission\single\02-ger-west\1944_12_samree.po","1944_12_samree.po",".po","12427","True"
"air-combat-script","localizations\ch\interface\text\mission\single\02-ger-west\1945_01_thirimont.po","1945_01_thirimont.po",".po","14216","True"
"air-combat-script","localizations\ch\interface\text\mission\single\02-ger-west\1945_04_ruhr_pocket.po","1945_04_ruhr_pocket.po",".po","21633","True"
"air-combat-script","localizations\ch\interface\text\mission\single\02-ger-west\campaign.po","campaign.po",".po","573","True"
"air-combat-script","localizations\ch\interface\text\mission\single\02-ger_skirmish\campaign.po","campaign.po",".po","544","True"
"air-combat-script","localizations\ch\interface\text\mission\single\03-fin\1939_12_kollaa.po","1939_12_kollaa.po",".po","36945","True"
"air-combat-script","localizations\ch\interface\text\mission\single\03-fin\1939_12_summa.po","1939_12_summa.po",".po","11410","True"
"air-combat-script","localizations\ch\interface\text\mission\single\03-fin\1940_01_raate_road.po","1940_01_raate_road.po",".po","8337","True"
"air-combat-script","localizations\ch\interface\text\mission\single\03-fin\1941_08_ino_station.po","1941_08_ino_station.po",".po","9284","True"
"air-combat-script","localizations\ch\interface\text\mission\single\03-fin\1941_08_porlampi.po","1941_08_porlampi.po",".po","7926","True"
"air-combat-script","localizations\ch\interface\text\mission\single\03-fin\1944_06_tali-ilhantala.po","1944_06_tali-ilhantala.po",".po","11692","True"
"air-combat-script","localizations\ch\interface\text\mission\single\03-fin\1944_10_tornio.po","1944_10_tornio.po",".po","8274","True"
"air-combat-script","localizations\ch\interface\text\mission\single\03-fin\campaign.po","campaign.po",".po","536","True"
"air-combat-script","localizations\ch\interface\text\mission\single\03-fin\campaign.pot","campaign.pot",".pot","501","True"
"air-combat-script","localizations\ch\interface\text\mission\single\03-fin_skirmish\campaign.po","campaign.po",".po","544","True"
"air-combat-script","localizations\ch\interface\text\mission\single\04-usa\1944_06_pointe_du_hoc.po","1944_06_pointe_du_hoc.po",".po","21853","True"
"air-combat-script","localizations\ch\interface\text\mission\single\04-usa\1944_07_hedgerow_hell.po","1944_07_hedgerow_hell.po",".po","13095","True"
"air-combat-script","localizations\ch\interface\text\mission\single\04-usa\1944_07_skirmish_operation_cobra.po","1944_07_skirmish_operation_cobra.po",".po","6267","True"
"air-combat-script","localizations\ch\interface\text\mission\single\04-usa\1944_08_mortain.po","1944_08_mortain.po",".po","9382","True"
"air-combat-script","localizations\ch\interface\text\mission\single\04-usa\1944_08_skirmish_falaise_pocket.po","1944_08_skirmish_falaise_pocket.po",".po","6412","True"
"air-combat-script","localizations\ch\interface\text\mission\single\04-usa\1944_10_skirmish_hurtgen_forest.po","1944_10_skirmish_hurtgen_forest.po",".po","6300","True"
"air-combat-script","localizations\ch\interface\text\mission\single\04-usa\1944_12_hill400.po","1944_12_hill400.po",".po","16446","True"
"air-combat-script","localizations\ch\interface\text\mission\single\04-usa\1944_12_hotton.po","1944_12_hotton.po",".po","12604","True"
"air-combat-script","localizations\ch\interface\text\mission\single\04-usa\1944_12_skirmish_bulge.po","1944_12_skirmish_bulge.po",".po","6357","True"
"air-combat-script","localizations\ch\interface\text\mission\single\04-usa\1945_03_cologne.po","1945_03_cologne.po",".po","11309","True"
"air-combat-script","localizations\ch\interface\text\mission\single\04-usa\campaign.po","campaign.po",".po","526","True"
"air-combat-script","localizations\ch\interface\text\mission\single\04-usa\common.po","common.po",".po","1453","True"
"air-combat-script","localizations\ch\interface\text\mission\single\04-usa\reinf_usa.po","reinf_usa.po",".po","8140","True"
"air-combat-script","localizations\ch\interface\text\mission\single\041-usa_airborne\1944_06_01_pathfinders.po","1944_06_01_pathfinders.po",".po","21010","True"
"air-combat-script","localizations\ch\interface\text\mission\single\041-usa_airborne\1944_06_02_sainte_mere_eglise.po","1944_06_02_sainte_mere_eglise.po",".po","16375","True"
"air-combat-script","localizations\ch\interface\text\mission\single\041-usa_airborne\1944_06_03_brecourt_manor.po","1944_06_03_brecourt_manor.po",".po","13088","True"
"air-combat-script","localizations\ch\interface\text\mission\single\041-usa_airborne\1944_06_04_la-fiere_bridge.po","1944_06_04_la-fiere_bridge.po",".po","12544","True"
"air-combat-script","localizations\ch\interface\text\mission\single\041-usa_airborne\1944_06_05_carentan.po","1944_06_05_carentan.po",".po","11564","True"
"air-combat-script","localizations\ch\interface\text\mission\single\041-usa_airborne\1944_06_06_bloody_gulch.po","1944_06_06_bloody_gulch.po",".po","11510","True"
"air-combat-script","localizations\ch\interface\text\mission\single\041-usa_airborne\1944_09_01_nijmegen.po","1944_09_01_nijmegen.po",".po","9381","True"
"air-combat-script","localizations\ch\interface\text\mission\single\041-usa_airborne\1944_09_02_veghel.po","1944_09_02_veghel.po",".po","8394","True"
"air-combat-script","localizations\ch\interface\text\mission\single\041-usa_airborne\1944_12_01_noville.po","1944_12_01_noville.po",".po","10953","True"
"air-combat-script","localizations\ch\interface\text\mission\single\041-usa_airborne\1944_12_02_elsenborn.po","1944_12_02_elsenborn.po",".po","14234","True"
"air-combat-script","localizations\ch\interface\text\mission\single\041-usa_airborne\1944_12_03_bastogne.po","1944_12_03_bastogne.po",".po","17202","True"
"air-combat-script","localizations\ch\interface\text\mission\single\041-usa_airborne\1945_04_30_elbe.po","1945_04_30_elbe.po",".po","9468","True"
"air-combat-script","localizations\ch\interface\text\mission\single\041-usa_airborne\campaign.po","campaign.po",".po","551","True"
"air-combat-script","localizations\ch\interface\text\mission\single\041-usa_airborne\common.po","common.po",".po","1529","True"
"air-combat-script","localizations\ch\interface\text\mission\single\05-eng\1940_05_13_dyle.po","1940_05_13_dyle.po",".po","57335","True"
"air-combat-script","localizations\ch\interface\text\mission\single\05-eng\1940_05_20_arras_skirmish.po","1940_05_20_arras_skirmish.po",".po","8796","True"
"air-combat-script","localizations\ch\interface\text\mission\single\05-eng\1940_06_03_dunkirk.po","1940_06_03_dunkirk.po",".po","24541","True"
"air-combat-script","localizations\ch\interface\text\mission\single\05-eng\1944_06_05_pegasus.po","1944_06_05_pegasus.po",".po","30967","True"
"air-combat-script","localizations\ch\interface\text\mission\single\05-eng\1944_07_13_villers-bocage_skirmish.po","1944_07_13_villers-bocage_skirmish.po",".po","9489","True"
"air-combat-script","localizations\ch\interface\text\mission\single\05-eng\1944_07_18_caen_goodwood.po","1944_07_18_caen_goodwood.po",".po","26726","True"
"air-combat-script","localizations\ch\interface\text\mission\single\05-eng\1944_09_17_arnhem.po","1944_09_17_arnhem.po",".po","27946","True"
"air-combat-script","localizations\ch\interface\text\mission\single\05-eng\1944_09_20_marketgarden_skirmish.po","1944_09_20_marketgarden_skirmish.po",".po","8994","True"
"air-combat-script","localizations\ch\interface\text\mission\single\05-eng\1944_09_20_oosterbeek.po","1944_09_20_oosterbeek.po",".po","45924","True"
"air-combat-script","localizations\ch\interface\text\mission\single\05-eng\1945_03_24_varsity.po","1945_03_24_varsity.po",".po","38674","True"
"air-combat-script","localizations\ch\interface\text\mission\single\05-eng\campaign.po","campaign.po",".po","580","True"
"air-combat-script","localizations\ch\interface\text\mission\single\05-eng\common.po","common.po",".po","1464","True"
"air-combat-script","localizations\ch\interface\text\mission\single\051-ger_finesthour\1940_05_arras.po","1940_05_arras.po",".po","10631","True"
"air-combat-script","localizations\ch\interface\text\mission\single\051-ger_finesthour\1940_06_st_valery_en_caux.po","1940_06_st_valery_en_caux.po",".po","12975","True"
"air-combat-script","localizations\ch\interface\text\mission\single\051-ger_finesthour\1944_06_swordbeach.po","1944_06_swordbeach.po",".po","9310","True"
"air-combat-script","localizations\ch\interface\text\mission\single\051-ger_finesthour\1944_06_tilly_sur_seulles.po","1944_06_tilly_sur_seulles.po",".po","8719","True"
"air-combat-script","localizations\ch\interface\text\mission\single\051-ger_finesthour\1944_09_koevering.po","1944_09_koevering.po",".po","13319","True"
"air-combat-script","localizations\ch\interface\text\mission\single\051-ger_finesthour\1944_10_woensdrecht.po","1944_10_woensdrecht.po",".po","17114","True"
"air-combat-script","localizations\ch\interface\text\mission\single\051-ger_finesthour\campaign.po","campaign.po",".po","598","True"
"air-combat-script","localizations\ch\interface\text\mission\single\06-bonus\1941_12_feodosia.po","1941_12_feodosia.po",".po","10292","True"
"air-combat-script","localizations\ch\interface\text\mission\single\06-bonus\1944_03_trap.po","1944_03_trap.po",".po","16626","True"
"air-combat-script","localizations\ch\interface\text\mission\single\06-bonus\1945_04_yugoslavia.po","1945_04_yugoslavia.po",".po","20895","True"
"air-combat-script","localizations\ch\interface\text\mission\single\06-bonus\campaign.po","campaign.po",".po","639","True"
"air-combat-script","localizations\ch\interface\text\mission\single\0x-skirmish\1940_02-fin_honkaniemi.po","1940_02-fin_honkaniemi.po",".po","5697","True"
"air-combat-script","localizations\ch\interface\text\mission\single\0x-skirmish\1941_07-fin_petrozavodsk.po","1941_07-fin_petrozavodsk.po",".po","5895","True"
"air-combat-script","localizations\ch\interface\text\mission\single\0x-skirmish\1941_07-rus_smolensk.po","1941_07-rus_smolensk.po",".po","6419","True"
"air-combat-script","localizations\ch\interface\text\mission\single\0x-skirmish\1941_08-fin_polar_fox_alakurtti.po","1941_08-fin_polar_fox_alakurtti.po",".po","5894","True"
"air-combat-script","localizations\ch\interface\text\mission\single\0x-skirmish\1941_11-ger_moscow.po","1941_11-ger_moscow.po",".po","7224","True"
"air-combat-script","localizations\ch\interface\text\mission\single\0x-skirmish\1942_10-rus_stalingrad_volga.po","1942_10-rus_stalingrad_volga.po",".po","6183","True"
"air-combat-script","localizations\ch\interface\text\mission\single\0x-skirmish\1942_11-ger_mamayev_kurgan.po","1942_11-ger_mamayev_kurgan.po",".po","6529","True"
"air-combat-script","localizations\ch\interface\text\mission\single\0x-skirmish\1943_02-ger_kharkov.po","1943_02-ger_kharkov.po",".po","6147","True"
"air-combat-script","localizations\ch\interface\text\mission\single\0x-skirmish\1944_07-fin_ilomantsi.po","1944_07-fin_ilomantsi.po",".po","5792","True"
"air-combat-script","localizations\ch\interface\text\mission\single\0x-skirmish\1944_07-rus_op_bagration.po","1944_07-rus_op_bagration.po",".po","5769","True"
"air-combat-script","localizations\ch\interface\text\mission\single\0x-skirmish\1945-04-ger_berlin.po","1945-04-ger_berlin.po",".po","6376","True"
"air-combat-script","localizations\ch\interface\text\mission\single\0x-skirmish\1945_04-rus_seelow_heights.po","1945_04-rus_seelow_heights.po",".po","6100","True"
"air-combat-script","localizations\ch\interface\text\mission\single\0x-skirmish\campaign.po","campaign.po",".po","559","True"
"air-combat-script","localizations\ch\interface\text\mission\single\0x-skirmish\common.po","common.po",".po","1505","True"
"air-combat-script","localizations\ch\interface\text\mission\single\0x-skirmish\reinf_eng.po","reinf_eng.po",".po","14399","True"
"air-combat-script","localizations\ch\interface\text\mission\single\0x-skirmish\reinf_fin.po","reinf_fin.po",".po","14976","True"
"air-combat-script","localizations\ch\interface\text\mission\single\0x-skirmish\reinf_ger.po","reinf_ger.po",".po","13086","True"
"air-combat-script","localizations\ch\interface\text\mission\single\0x-skirmish\reinf_rus.po","reinf_rus.po",".po","10706","True"
"air-combat-script","localizations\ch\interface\text\mission\single\0x-skirmish\reinf_rus2.po","reinf_rus2.po",".po","960","True"
"air-combat-script","localizations\ch\interface\text\mission\single\0x-skirmish\_common.po","_common.po",".po","813","True"
"air-combat-script","localizations\ch\interface\text\mission\single\0x-skirmish\_reinf_ger.po","_reinf_ger.po",".po","4100","True"
"air-combat-script","localizations\ch\interface\text\names\dlg_names.po","dlg_names.po",".po","52938","True"
"air-combat-script","localizations\ch\interface\text\names\dlg_names_eng.po","dlg_names_eng.po",".po","29705","True"
"air-combat-script","localizations\ch\interface\text\names\dlg_names_finland.po","dlg_names_finland.po",".po","8105","True"
"air-combat-script","localizations\ch\interface\text\names\dlg_names_fra.po","dlg_names_fra.po",".po","6951","True"
"air-combat-script","localizations\ch\interface\text\names\dlg_names_pol.po","dlg_names_pol.po",".po","7764","True"
"air-combat-script","localizations\ch\interface\text\names\dlg_names_swe.po","dlg_names_swe.po",".po","9017","True"
"air-combat-script","localizations\ch\interface\text\names\dlg_names_usa.po","dlg_names_usa.po",".po","23552","True"
"air-combat-script","localizations\default\localization.info","localization.info",".info","107","True"
"air-combat-script","localizations\default\interface\text\dlg_2.pot","dlg_2.pot",".pot","614","True"
"air-combat-script","localizations\default\interface\text\dlg_colors.pot","dlg_colors.pot",".pot","2772","True"
"air-combat-script","localizations\default\interface\text\dlg_credits.pot","dlg_credits.pot",".pot","5740","True"
"air-combat-script","localizations\default\interface\text\dlg_frontend.pot","dlg_frontend.pot",".pot","141890","True"
"air-combat-script","localizations\default\interface\text\dlg_frontend_fh.pot","dlg_frontend_fh.pot",".pot","802","True"
"air-combat-script","localizations\default\interface\text\dlg_frontend_liberation.pot","dlg_frontend_liberation.pot",".pot","444","True"
"air-combat-script","localizations\default\interface\text\dlg_ingame.pot","dlg_ingame.pot",".pot","49733","True"
"air-combat-script","localizations\default\interface\text\dlg_mp.pot","dlg_mp.pot",".pot","75746","True"
"air-combat-script","localizations\default\interface\text\dlg_mp_domination.pot","dlg_mp_domination.pot",".pot","1599","True"
"air-combat-script","localizations\default\interface\text\dlg_mp_frontlines.pot","dlg_mp_frontlines.pot",".pot","3052","True"
"air-combat-script","localizations\default\interface\text\dlg_mp_laststand.pot","dlg_mp_laststand.pot",".pot","1873","True"
"air-combat-script","localizations\default\interface\text\doctrines.pot","doctrines.pot",".pot","7796","True"
"air-combat-script","localizations\default\interface\text\doctrines_eng.pot","doctrines_eng.pot",".pot","1260","True"
"air-combat-script","localizations\default\interface\text\doctrines_usa.pot","doctrines_usa.pot",".pot","956","True"
"air-combat-script","localizations\default\interface\text\editor.pot","editor.pot",".pot","6665","True"
"air-combat-script","localizations\default\interface\text\info.pot","info.pot",".pot","114504","True"
"air-combat-script","localizations\default\interface\text\mission.pot","mission.pot",".pot","11404","True"
"air-combat-script","localizations\default\interface\text\mission_finesthour.pot","mission_finesthour.pot",".pot","4388","True"
"air-combat-script","localizations\default\interface\text\mission_jubilee.pot","mission_jubilee.pot",".pot","800","True"
"air-combat-script","localizations\default\interface\text\mission_liberation.pot","mission_liberation.pot",".pot","5499","True"
"air-combat-script","localizations\default\interface\text\tips.pot","tips.pot",".pot","9321","True"
"air-combat-script","localizations\default\interface\text\announcements\announcement.pot","announcement.pot",".pot","1626","True"
"air-combat-script","localizations\default\interface\text\announcements\autumn2025.pot","autumn2025.pot",".pot","718","True"
"air-combat-script","localizations\default\interface\text\announcements\cu6.pot","cu6.pot",".pot","1168","True"
"air-combat-script","localizations\default\interface\text\announcements\finesthour.pot","finesthour.pot",".pot","986","True"
"air-combat-script","localizations\default\interface\text\announcements\finesthour_release.pot","finesthour_release.pot",".pot","1238","True"
"air-combat-script","localizations\default\interface\text\announcements\pvp.pot","pvp.pot",".pot","748","True"
"air-combat-script","localizations\default\interface\text\desc\desc_ammo_eng.pot","desc_ammo_eng.pot",".pot","12924","True"
"air-combat-script","localizations\default\interface\text\desc\desc_ammo_fin.pot","desc_ammo_fin.pot",".pot","5275","True"
"air-combat-script","localizations\default\interface\text\desc\desc_ammo_fra.pot","desc_ammo_fra.pot",".pot","600","True"
"air-combat-script","localizations\default\interface\text\desc\desc_ammo_fra_.pot","desc_ammo_fra_.pot",".pot","608","True"
"air-combat-script","localizations\default\interface\text\desc\desc_ammo_generic.pot","desc_ammo_generic.pot",".pot","2714","True"
"air-combat-script","localizations\default\interface\text\desc\desc_ammo_ger.pot","desc_ammo_ger.pot",".pot","14970","True"
"air-combat-script","localizations\default\interface\text\desc\desc_ammo_rus.pot","desc_ammo_rus.pot",".pot","9659","True"
"air-combat-script","localizations\default\interface\text\desc\desc_ammo_usa.pot","desc_ammo_usa.pot",".pot","12364","True"
"air-combat-script","localizations\default\interface\text\desc\desc_breed_airborne_ger.pot","desc_breed_airborne_ger.pot",".pot","7564","True"
"air-combat-script","localizations\default\interface\text\desc\desc_breed_civilian.pot","desc_breed_civilian.pot",".pot","2781","True"
"air-combat-script","localizations\default\interface\text\desc\desc_breed_mp_can.pot","desc_breed_mp_can.pot",".pot","8712","True"
"air-combat-script","localizations\default\interface\text\desc\desc_breed_mp_fin.pot","desc_breed_mp_fin.pot",".pot","52791","True"
"air-combat-script","localizations\default\interface\text\desc\desc_breed_mp_fra.pot","desc_breed_mp_fra.pot",".pot","1308","True"
"air-combat-script","localizations\default\interface\text\desc\desc_breed_mp_ger.pot","desc_breed_mp_ger.pot",".pot","77544","True"
"air-combat-script","localizations\default\interface\text\desc\desc_breed_mp_ned.pot","desc_breed_mp_ned.pot",".pot","1219","True"
"air-combat-script","localizations\default\interface\text\desc\desc_breed_mp_pol.pot","desc_breed_mp_pol.pot",".pot","9761","True"
"air-combat-script","localizations\default\interface\text\desc\desc_breed_mp_rus.pot","desc_breed_mp_rus.pot",".pot","46254","True"
"air-combat-script","localizations\default\interface\text\desc\desc_breed_mp_uk.pot","desc_breed_mp_uk.pot",".pot","90059","True"
"air-combat-script","localizations\default\interface\text\desc\desc_breed_mp_usa.pot","desc_breed_mp_usa.pot",".pot","131550","True"
"air-combat-script","localizations\default\interface\text\desc\desc_breed_mp_usa_.pot","desc_breed_mp_usa_.pot",".pot","1106","True"
"air-combat-script","localizations\default\interface\text\desc\desc_breed_single_ger.pot","desc_breed_single_ger.pot",".pot","31841","True"
"air-combat-script","localizations\default\interface\text\desc\desc_breed_single_rus.pot","desc_breed_single_rus.pot",".pot","34564","True"
"air-combat-script","localizations\default\interface\text\desc\desc_breed_special.pot","desc_breed_special.pot",".pot","2341","True"
"air-combat-script","localizations\default\interface\text\desc\desc_breed_special_.pot","desc_breed_special_.pot",".pot","1341","True"
"air-combat-script","localizations\default\interface\text\desc\desc_breed_special_airborne.pot","desc_breed_special_airborne.pot",".pot","1820","True"
"air-combat-script","localizations\default\interface\text\desc\desc_breed_special_eng.pot","desc_breed_special_eng.pot",".pot","2407","True"
"air-combat-script","localizations\default\interface\text\desc\desc_breed_special_ger.pot","desc_breed_special_ger.pot",".pot","1640","True"
"air-combat-script","localizations\default\interface\text\desc\desc_fauna.pot","desc_fauna.pot",".pot","1288","True"
"air-combat-script","localizations\default\interface\text\desc\desc_gear_eng.pot","desc_gear_eng.pot",".pot","8873","True"
"air-combat-script","localizations\default\interface\text\desc\desc_gear_fin.pot","desc_gear_fin.pot",".pot","14909","True"
"air-combat-script","localizations\default\interface\text\desc\desc_gear_generic.pot","desc_gear_generic.pot",".pot","4820","True"
"air-combat-script","localizations\default\interface\text\desc\desc_gear_generic_.pot","desc_gear_generic_.pot",".pot","446","True"
"air-combat-script","localizations\default\interface\text\desc\desc_gear_ger.pot","desc_gear_ger.pot",".pot","50627","True"
"air-combat-script","localizations\default\interface\text\desc\desc_gear_rus.pot","desc_gear_rus.pot",".pot","5091","True"
"air-combat-script","localizations\default\interface\text\desc\desc_gear_rus2.pot","desc_gear_rus2.pot",".pot","12803","True"
"air-combat-script","localizations\default\interface\text\desc\desc_gear_usa.pot","desc_gear_usa.pot",".pot","51630","True"
"air-combat-script","localizations\default\interface\text\desc\desc_misc_fh.pot","desc_misc_fh.pot",".pot","2958","True"
"air-combat-script","localizations\default\interface\text\desc\desc_squad_doctrines_eng.pot","desc_squad_doctrines_eng.pot",".pot","12287","True"
"air-combat-script","localizations\default\interface\text\desc\desc_squad_doctrines_fin.pot","desc_squad_doctrines_fin.pot",".pot","13761","True"
"air-combat-script","localizations\default\interface\text\desc\desc_squad_doctrines_ger.pot","desc_squad_doctrines_ger.pot",".pot","21222","True"
"air-combat-script","localizations\default\interface\text\desc\desc_squad_doctrines_rus.pot","desc_squad_doctrines_rus.pot",".pot","20675","True"
"air-combat-script","localizations\default\interface\text\desc\desc_squad_doctrines_usa.pot","desc_squad_doctrines_usa.pot",".pot","8235","True"
"air-combat-script","localizations\default\interface\text\desc\desc_squad_eng.pot","desc_squad_eng.pot",".pot","42881","True"
"air-combat-script","localizations\default\interface\text\desc\desc_squad_fin.pot","desc_squad_fin.pot",".pot","24072","True"
"air-combat-script","localizations\default\interface\text\desc\desc_squad_fin_dcg_late.pot","desc_squad_fin_dcg_late.pot",".pot","2655","True"
"air-combat-script","localizations\default\interface\text\desc\desc_squad_ger.pot","desc_squad_ger.pot",".pot","27685","True"
"air-combat-script","localizations\default\interface\text\desc\desc_squad_ger_dcg_late.pot","desc_squad_ger_dcg_late.pot",".pot","3489","True"
"air-combat-script","localizations\default\interface\text\desc\desc_squad_mp_usa.pot","desc_squad_mp_usa.pot",".pot","19307","True"
"air-combat-script","localizations\default\interface\text\desc\desc_squad_rus.pot","desc_squad_rus.pot",".pot","26345","True"
"air-combat-script","localizations\default\interface\text\desc\desc_squad_rus_dcg_late.pot","desc_squad_rus_dcg_late.pot",".pot","4429","True"
"air-combat-script","localizations\default\interface\text\desc\desc_squad_usa_dcg_late.pot","desc_squad_usa_dcg_late.pot",".pot","3117","True"
"air-combat-script","localizations\default\interface\text\desc\desc_vehicles_eng.pot","desc_vehicles_eng.pot",".pot","37172","True"
"air-combat-script","localizations\default\interface\text\desc\desc_vehicles_fin.pot","desc_vehicles_fin.pot",".pot","17979","True"
"air-combat-script","localizations\default\interface\text\desc\desc_vehicles_generic.pot","desc_vehicles_generic.pot",".pot","2536","True"
"air-combat-script","localizations\default\interface\text\desc\desc_vehicles_ger.pot","desc_vehicles_ger.pot",".pot","30253","True"
"air-combat-script","localizations\default\interface\text\desc\desc_vehicles_ger_fh.pot","desc_vehicles_ger_fh.pot",".pot","1246","True"
"air-combat-script","localizations\default\interface\text\desc\desc_vehicles_rus.pot","desc_vehicles_rus.pot",".pot","24213","True"
"air-combat-script","localizations\default\interface\text\desc\desc_vehicles_usa.pot","desc_vehicles_usa.pot",".pot","23078","True"
"air-combat-script","localizations\default\interface\text\desc\desc_weapon_eng.pot","desc_weapon_eng.pot",".pot","8600","True"
"air-combat-script","localizations\default\interface\text\desc\desc_weapon_fin.pot","desc_weapon_fin.pot",".pot","3906","True"
"air-combat-script","localizations\default\interface\text\desc\desc_weapon_fra.pot","desc_weapon_fra.pot",".pot","549","True"
"air-combat-script","localizations\default\interface\text\desc\desc_weapon_generic.pot","desc_weapon_generic.pot",".pot","2285","True"
"air-combat-script","localizations\default\interface\text\desc\desc_weapon_ger.pot","desc_weapon_ger.pot",".pot","10800","True"
"air-combat-script","localizations\default\interface\text\desc\desc_weapon_ger_fh.pot","desc_weapon_ger_fh.pot",".pot","421","True"
"air-combat-script","localizations\default\interface\text\desc\desc_weapon_rus.pot","desc_weapon_rus.pot",".pot","8363","True"
"air-combat-script","localizations\default\interface\text\desc\desc_weapon_usa.pot","desc_weapon_usa.pot",".pot","7589","True"
"air-combat-script","localizations\default\interface\text\mission\multi\1v1_balzerweg.pot","1v1_balzerweg.pot",".pot","716","True"
"air-combat-script","localizations\default\interface\text\mission\multi\1v1_crossing.pot","1v1_crossing.pot",".pot","712","True"
"air-combat-script","localizations\default\interface\text\mission\multi\1v1_fall_gelb_sum.pot","1v1_fall_gelb_sum.pot",".pot","732","True"
"air-combat-script","localizations\default\interface\text\mission\multi\1v1_farmland.pot","1v1_farmland.pot",".pot","712","True"
"air-combat-script","localizations\default\interface\text\mission\multi\1v1_farmstead.pot","1v1_farmstead.pot",".pot","716","True"
"air-combat-script","localizations\default\interface\text\mission\multi\1v1_forssa_dam.pot","1v1_forssa_dam.pot",".pot","720","True"
"air-combat-script","localizations\default\interface\text\mission\multi\1v1_hiekalla.pot","1v1_hiekalla.pot",".pot","712","True"
"air-combat-script","localizations\default\interface\text\mission\multi\1v1_holzbach.pot","1v1_holzbach.pot",".pot","775","True"
"air-combat-script","localizations\default\interface\text\mission\multi\1v1_isigny_ruins.pot","1v1_isigny_ruins.pot",".pot","791","True"
"air-combat-script","localizations\default\interface\text\mission\multi\1v1_jarven.pot","1v1_jarven.pot",".pot","704","True"
"air-combat-script","localizations\default\interface\text\mission\multi\1v1_kalinin.pot","1v1_kalinin.pot",".pot","708","True"
"air-combat-script","localizations\default\interface\text\mission\multi\1v1_ladoga.pot","1v1_ladoga.pot",".pot","704","True"
"air-combat-script","localizations\default\interface\text\mission\multi\1v1_losheim_gap.pot","1v1_losheim_gap.pot",".pot","787","True"
"air-combat-script","localizations\default\interface\text\mission\multi\1v1_nevel.pot","1v1_nevel.pot",".pot","700","True"
"air-combat-script","localizations\default\interface\text\mission\multi\1v1_oosterbeek_sum.pot","1v1_oosterbeek_sum.pot",".pot","736","True"
"air-combat-script","localizations\default\interface\text\mission\multi\1v1_oryol.pot","1v1_oryol.pot",".pot","700","True"
"air-combat-script","localizations\default\interface\text\mission\multi\1v1_ouren_valley.pot","1v1_ouren_valley.pot",".pot","791","True"
"air-combat-script","localizations\default\interface\text\mission\multi\1v1_radar_hill.pot","1v1_radar_hill.pot",".pot","783","True"
"air-combat-script","localizations\default\interface\text\mission\multi\1v1_reka.pot","1v1_reka.pot",".pot","696","True"
"air-combat-script","localizations\default\interface\text\mission\multi\1v1_riverbank.pot","1v1_riverbank.pot",".pot","716","True"
"air-combat-script","localizations\default\interface\text\mission\multi\1v1_solingen_factory_aut.pot","1v1_solingen_factory_aut.pot",".pot","760","True"
"air-combat-script","localizations\default\interface\text\mission\multi\1v1_tormasenvaara.pot","1v1_tormasenvaara.pot",".pot","732","True"
"air-combat-script","localizations\default\interface\text\mission\multi\1v1_uran.pot","1v1_uran.pot",".pot","696","True"
"air-combat-script","localizations\default\interface\text\mission\multi\1v1_valley.pot","1v1_valley.pot",".pot","704","True"
"air-combat-script","localizations\default\interface\text\mission\multi\1v1_volokolamsk.pot","1v1_volokolamsk.pot",".pot","724","True"
"air-combat-script","localizations\default\interface\text\mission\multi\1v1_weteringsteeg.pot","1v1_weteringsteeg.pot",".pot","732","True"
"air-combat-script","localizations\default\interface\text\mission\multi\1v1_workshop.pot","1v1_workshop.pot",".pot","712","True"
"air-combat-script","localizations\default\interface\text\mission\multi\2v2_blizzard.pot","2v2_blizzard.pot",".pot","712","True"
"air-combat-script","localizations\default\interface\text\mission\multi\2v2_bubingen.pot","2v2_bubingen.pot",".pot","775","True"
"air-combat-script","localizations\default\interface\text\mission\multi\2v2_countryside.pot","2v2_countryside.pot",".pot","724","True"
"air-combat-script","localizations\default\interface\text\mission\multi\2v2_courtyard.pot","2v2_courtyard.pot",".pot","716","True"
"air-combat-script","localizations\default\interface\text\mission\multi\2v2_dunkirk_dunes_sum.pot","2v2_dunkirk_dunes_sum.pot",".pot","748","True"
"air-combat-script","localizations\default\interface\text\mission\multi\2v2_fall.pot","2v2_fall.pot",".pot","696","True"
"air-combat-script","localizations\default\interface\text\mission\multi\2v2_gelid.pot","2v2_gelid.pot",".pot","700","True"
"air-combat-script","localizations\default\interface\text\mission\multi\2v2_glubinka.pot","2v2_glubinka.pot",".pot","712","True"
"air-combat-script","localizations\default\interface\text\mission\multi\2v2_grave_sum.pot","2v2_grave_sum.pot",".pot","716","True"
"air-combat-script","localizations\default\interface\text\mission\multi\2v2_hakola.pot","2v2_hakola.pot",".pot","704","True"
"air-combat-script","localizations\default\interface\text\mission\multi\2v2_heelsum_sum.pot","2v2_heelsum_sum.pot",".pot","724","True"
"air-combat-script","localizations\default\interface\text\mission\multi\2v2_hunting.pot","2v2_hunting.pot",".pot","708","True"
"air-combat-script","localizations\default\interface\text\mission\multi\2v2_hutor.pot","2v2_hutor.pot",".pot","700","True"
"air-combat-script","localizations\default\interface\text\mission\multi\2v2_industry.pot","2v2_industry.pot",".pot","712","True"
"air-combat-script","localizations\default\interface\text\mission\multi\2v2_invanovka.pot","2v2_invanovka.pot",".pot","716","True"
"air-combat-script","localizations\default\interface\text\mission\multi\2v2_kainuo.pot","2v2_kainuo.pot",".pot","704","True"
"air-combat-script","localizations\default\interface\text\mission\multi\2v2_karvola.pot","2v2_karvola.pot",".pot","708","True"
"air-combat-script","localizations\default\interface\text\mission\multi\2v2_katrinovo.pot","2v2_katrinovo.pot",".pot","716","True"
"air-combat-script","localizations\default\interface\text\mission\multi\2v2_kavichy_factory.pot","2v2_kavichy_factory.pot",".pot","740","True"
"air-combat-script","localizations\default\interface\text\mission\multi\2v2_mannerheim.pot","2v2_mannerheim.pot",".pot","720","True"
"air-combat-script","localizations\default\interface\text\mission\multi\2v2_marvie_ridge.pot","2v2_marvie_ridge.pot",".pot","791","True"
"air-combat-script","localizations\default\interface\text\mission\multi\2v2_monastery.pot","2v2_monastery.pot",".pot","716","True"
"air-combat-script","localizations\default\interface\text\mission\multi\2v2_mortain.pot","2v2_mortain.pot",".pot","708","True"
"air-combat-script","localizations\default\interface\text\mission\multi\2v2_olshanka.pot","2v2_olshanka.pot",".pot","712","True"
"air-combat-script","localizations\default\interface\text\mission\multi\2v2_rouncy.pot","2v2_rouncy.pot",".pot","767","True"
"air-combat-script","localizations\default\interface\text\mission\multi\2v2_sainte_marie_du_mont.pot","2v2_sainte_marie_du_mont.pot",".pot","823","True"
"air-combat-script","localizations\default\interface\text\mission\multi\2v2_shaforovo.pot","2v2_shaforovo.pot",".pot","716","True"
"air-combat-script","localizations\default\interface\text\mission\multi\2v2_stalingard.pot","2v2_stalingard.pot",".pot","720","True"
"air-combat-script","localizations\default\interface\text\mission\multi\2v2_st_vith.pot","2v2_st_vith.pot",".pot","771","True"
"air-combat-script","localizations\default\interface\text\mission\multi\2v2_suburbs.pot","2v2_suburbs.pot",".pot","708","True"
"air-combat-script","localizations\default\interface\text\mission\multi\2v2_suishka.pot","2v2_suishka.pot",".pot","708","True"
"air-combat-script","localizations\default\interface\text\mission\multi\2v2_tikhvin.pot","2v2_tikhvin.pot",".pot","708","True"
"air-combat-script","localizations\default\interface\text\mission\multi\2v2_urban_hell.pot","2v2_urban_hell.pot",".pot","720","True"
"air-combat-script","localizations\default\interface\text\mission\multi\2v2_vainikalan.pot","2v2_vainikalan.pot",".pot","720","True"
"air-combat-script","localizations\default\interface\text\mission\multi\2v2_wesel_aut.pot","2v2_wesel_aut.pot",".pot","716","True"
"air-combat-script","localizations\default\interface\text\mission\multi\2v2_ziborovo.pot","2v2_ziborovo.pot",".pot","712","True"
"air-combat-script","localizations\default\interface\text\mission\multi\3v3_barrikady.pot","3v3_barrikady.pot",".pot","716","True"
"air-combat-script","localizations\default\interface\text\mission\multi\3v3_brozha.pot","3v3_brozha.pot",".pot","704","True"
"air-combat-script","localizations\default\interface\text\mission\multi\3v3_canals_sum.pot","3v3_canals_sum.pot",".pot","720","True"
"air-combat-script","localizations\default\interface\text\mission\multi\3v3_elanskaya.pot","3v3_elanskaya.pot",".pot","716","True"
"air-combat-script","localizations\default\interface\text\mission\multi\3v3_factory.pot","3v3_factory.pot",".pot","708","True"
"air-combat-script","localizations\default\interface\text\mission\multi\3v3_general_winter.pot","3v3_general_winter.pot",".pot","736","True"
"air-combat-script","localizations\default\interface\text\mission\multi\3v3_glushkovo.pot","3v3_glushkovo.pot",".pot","716","True"
"air-combat-script","localizations\default\interface\text\mission\multi\3v3_hamminkeln_aut.pot","3v3_hamminkeln_aut.pot",".pot","736","True"
"air-combat-script","localizations\default\interface\text\mission\multi\3v3_hqvistvaara.pot","3v3_hqvistvaara.pot",".pot","724","True"
"air-combat-script","localizations\default\interface\text\mission\multi\3v3_hungary.pot","3v3_hungary.pot",".pot","708","True"
"air-combat-script","localizations\default\interface\text\mission\multi\3v3_hurtgenwald.pot","3v3_hurtgenwald.pot",".pot","787","True"
"air-combat-script","localizations\default\interface\text\mission\multi\3v3_king_of_the_hill.pot","3v3_king_of_the_hill.pot",".pot","744","True"
"air-combat-script","localizations\default\interface\text\mission\multi\3v3_lakeside_airfield.pot","3v3_lakeside_airfield.pot",".pot","748","True"
"air-combat-script","localizations\default\interface\text\mission\multi\3v3_lakhta.pot","3v3_lakhta.pot",".pot","704","True"
"air-combat-script","localizations\default\interface\text\mission\multi\3v3_lalobbe.pot","3v3_lalobbe.pot",".pot","771","True"
"air-combat-script","localizations\default\interface\text\mission\multi\3v3_mikli.pot","3v3_mikli.pot",".pot","700","True"
"air-combat-script","localizations\default\interface\text\mission\multi\3v3_mont_cassel.pot","3v3_mont_cassel.pot",".pot","724","True"
"air-combat-script","localizations\default\interface\text\mission\multi\3v3_mortain_station.pot","3v3_mortain_station.pot",".pot","803","True"
"air-combat-script","localizations\default\interface\text\mission\multi\3v3_natramala.pot","3v3_natramala.pot",".pot","716","True"
"air-combat-script","localizations\default\interface\text\mission\multi\3v3_posenov.pot","3v3_posenov.pot",".pot","708","True"
"air-combat-script","localizations\default\interface\text\mission\multi\3v3_radusha_airfield.pot","3v3_radusha_airfield.pot",".pot","744","True"
"air-combat-script","localizations\default\interface\text\mission\multi\3v3_ranes.pot","3v3_ranes.pot",".pot","763","True"
"air-combat-script","localizations\default\interface\text\mission\multi\3v3_samree.pot","3v3_samree.pot",".pot","767","True"
"air-combat-script","localizations\default\interface\text\mission\multi\3v3_sopheke_quarry.pot","3v3_sopheke_quarry.pot",".pot","736","True"
"air-combat-script","localizations\default\interface\text\mission\multi\3v3_steppe.pot","3v3_steppe.pot",".pot","704","True"
"air-combat-script","localizations\default\interface\text\mission\multi\3v3_trenches.pot","3v3_trenches.pot",".pot","712","True"
"air-combat-script","localizations\default\interface\text\mission\multi\3v3_voronezh.pot","3v3_voronezh.pot",".pot","712","True"
"air-combat-script","localizations\default\interface\text\mission\multi\3v3_wotan.pot","3v3_wotan.pot",".pot","700","True"
"air-combat-script","localizations\default\interface\text\mission\multi\3v3_zeeland_sum.pot","3v3_zeeland_sum.pot",".pot","724","True"
"air-combat-script","localizations\default\interface\text\mission\multi\3v3_ziborovo.pot","3v3_ziborovo.pot",".pot","712","True"
"air-combat-script","localizations\default\interface\text\mission\multi\4v4_arras_countryside_sum.pot","4v4_arras_countryside_sum.pot",".pot","764","True"
"air-combat-script","localizations\default\interface\text\mission\multi\4v4_dubovka.pot","4v4_dubovka.pot",".pot","708","True"
"air-combat-script","localizations\default\interface\text\mission\multi\4v4_eindhoven.pot","4v4_eindhoven.pot",".pot","716","True"
"air-combat-script","localizations\default\interface\text\mission\multi\4v4_fields.pot","4v4_fields.pot",".pot","704","True"
"air-combat-script","localizations\default\interface\text\mission\multi\4v4_grassland.pot","4v4_grassland.pot",".pot","716","True"
"air-combat-script","localizations\default\interface\text\mission\multi\4v4_hanhijarvi.pot","4v4_hanhijarvi.pot",".pot","720","True"
"air-combat-script","localizations\default\interface\text\mission\multi\4v4_hills.pot","4v4_hills.pot",".pot","700","True"
"air-combat-script","localizations\default\interface\text\mission\multi\4v4_hill_331.pot","4v4_hill_331.pot",".pot","775","True"
"air-combat-script","localizations\default\interface\text\mission\multi\4v4_houdremont.pot","4v4_houdremont.pot",".pot","783","True"
"air-combat-script","localizations\default\interface\text\mission\multi\4v4_kirjavala.pot","4v4_kirjavala.pot",".pot","716","True"
"air-combat-script","localizations\default\interface\text\mission\multi\4v4_krasny_bor.pot","4v4_krasny_bor.pot",".pot","783","True"
"air-combat-script","localizations\default\interface\text\mission\multi\4v4_kylmapuro.pot","4v4_kylmapuro.pot",".pot","716","True"
"air-combat-script","localizations\default\interface\text\mission\multi\4v4_lysovo.pot","4v4_lysovo.pot",".pot","704","True"
"air-combat-script","localizations\default\interface\text\mission\multi\4v4_martinville_ridge.pot","4v4_martinville_ridge.pot",".pot","811","True"
"air-combat-script","localizations\default\interface\text\mission\multi\4v4_niemen.pot","4v4_niemen.pot",".pot","704","True"
"air-combat-script","localizations\default\interface\text\mission\multi\4v4_olkhovatka.pot","4v4_olkhovatka.pot",".pot","720","True"
"air-combat-script","localizations\default\interface\text\mission\multi\4v4_purple_heart_lane.pot","4v4_purple_heart_lane.pot",".pot","811","True"
"air-combat-script","localizations\default\interface\text\mission\multi\4v4_remagen_aut.pot","4v4_remagen_aut.pot",".pot","724","True"
"air-combat-script","localizations\default\interface\text\mission\multi\4v4_rikila.pot","4v4_rikila.pot",".pot","704","True"
"air-combat-script","localizations\default\interface\text\mission\multi\4v4_schoppen.pot","4v4_schoppen.pot",".pot","775","True"
"air-combat-script","localizations\default\interface\text\mission\multi\4v4_shiryayevo.pot","4v4_shiryayevo.pot",".pot","720","True"
"air-combat-script","localizations\default\interface\text\mission\multi\4v4_sikovitsy.pot","4v4_sikovitsy.pot",".pot","716","True"
"air-combat-script","localizations\default\interface\text\mission\multi\4v4_swamp.pot","4v4_swamp.pot",".pot","700","True"
"air-combat-script","localizations\default\interface\text\mission\multi\4v4_vahikkala.pot","4v4_vahikkala.pot",".pot","716","True"
"air-combat-script","localizations\default\interface\text\mission\multi\4v4_vitebsk.pot","4v4_vitebsk.pot",".pot","708","True"
"air-combat-script","localizations\default\interface\text\mission\multi\4v4_vlissingen_breach.pot","4v4_vlissingen_breach.pot",".pot","748","True"
"air-combat-script","localizations\default\interface\text\mission\multi\4v4_winter_walk.pot","4v4_winter_walk.pot",".pot","724","True"
"air-combat-script","localizations\default\interface\text\mission\multi\common.pot","common.pot",".pot","1858","True"
"air-combat-script","localizations\default\interface\text\mission\multi\errors_helper.pot","errors_helper.pot",".pot","876","True"
"air-combat-script","localizations\default\interface\text\mission\multi\0_frontlines\1v1_barbarossa.pot","1v1_barbarossa.pot",".pot","772","True"
"air-combat-script","localizations\default\interface\text\mission\multi\0_frontlines\1v1_cobra.pot","1v1_cobra.pot",".pot","752","True"
"air-combat-script","localizations\default\interface\text\mission\multi\0_frontlines\1v1_karjala.pot","1v1_karjala.pot",".pot","760","True"
"air-combat-script","localizations\default\interface\text\mission\multi\0_frontlines\1v1_reichswald_aut.pot","1v1_reichswald_aut.pot",".pot","788","True"
"air-combat-script","localizations\default\interface\text\mission\multi\0_frontlines\2v2_bastogne.pot","2v2_bastogne.pot",".pot","764","True"
"air-combat-script","localizations\default\interface\text\mission\multi\0_frontlines\2v2_blitzkrieg.pot","2v2_blitzkrieg.pot",".pot","772","True"
"air-combat-script","localizations\default\interface\text\mission\multi\0_frontlines\2v2_stalingrad_factory.pot","2v2_stalingrad_factory.pot",".pot","804","True"
"air-combat-script","localizations\default\interface\text\mission\multi\0_frontlines\2v2_tali_ihantala.pot","2v2_tali_ihantala.pot",".pot","784","True"
"air-combat-script","localizations\default\interface\text\mission\multi\0_frontlines\3v3_crimea.pot","3v3_crimea.pot",".pot","756","True"
"air-combat-script","localizations\default\interface\text\mission\multi\0_frontlines\3v3_hells_highway.pot","3v3_hells_highway.pot",".pot","784","True"
"air-combat-script","localizations\default\interface\text\mission\multi\0_frontlines\3v3_normandy.pot","3v3_normandy.pot",".pot","764","True"
"air-combat-script","localizations\default\interface\text\mission\multi\0_frontlines\3v3_volga.pot","3v3_volga.pot",".pot","752","True"
"air-combat-script","localizations\default\interface\text\mission\multi\0_frontlines\4v4_goodwood.pot","4v4_goodwood.pot",".pot","764","True"
"air-combat-script","localizations\default\interface\text\mission\multi\0_frontlines\4v4_kursk.pot","4v4_kursk.pot",".pot","752","True"
"air-combat-script","localizations\default\interface\text\mission\multi\0_frontlines\4v4_mannerheim.pot","4v4_mannerheim.pot",".pot","772","True"
"air-combat-script","localizations\default\interface\text\mission\multi\0_frontlines\4v4_siegfried.pot","4v4_siegfried.pot",".pot","768","True"
"air-combat-script","localizations\default\interface\text\mission\single\common.pot","common.pot",".pot","2098","True"
"air-combat-script","localizations\default\interface\text\mission\single\errors_helper.pot","errors_helper.pot",".pot","474","True"
"air-combat-script","localizations\default\interface\text\mission\single\test_scenario.pot","test_scenario.pot",".pot","806","True"
"air-combat-script","localizations\default\interface\text\mission\single\00-bootcamp\01_inf-control.pot","01_inf-control.pot",".pot","8461","True"
"air-combat-script","localizations\default\interface\text\mission\single\00-bootcamp\02_vehicle-control.pot","02_vehicle-control.pot",".pot","7981","True"
"air-combat-script","localizations\default\interface\text\mission\single\00-bootcamp\03_artillery-reinforcements.pot","03_artillery-reinforcements.pot",".pot","7623","True"
"air-combat-script","localizations\default\interface\text\mission\single\00-bootcamp\04_reinforcements-offmap-support.pot","04_reinforcements-offmap-support.pot",".pot","8803","True"
"air-combat-script","localizations\default\interface\text\mission\single\00-bootcamp\1-training.pot","1-training.pot",".pot","17230","True"
"air-combat-script","localizations\default\interface\text\mission\single\00-bootcamp\2-combat.pot","2-combat.pot",".pot","9295","True"
"air-combat-script","localizations\default\interface\text\mission\single\00-bootcamp\campaign.pot","campaign.pot",".pot","523","True"
"air-combat-script","localizations\default\interface\text\mission\single\01-rus\1941_11_typhoon.pot","1941_11_typhoon.pot",".pot","6596","True"
"air-combat-script","localizations\default\interface\text\mission\single\01-rus\1941_12_tikhvin.pot","1941_12_tikhvin.pot",".pot","15348","True"
"air-combat-script","localizations\default\interface\text\mission\single\01-rus\1942_05_kerch.pot","1942_05_kerch.pot",".pot","20540","True"
"air-combat-script","localizations\default\interface\text\mission\single\01-rus\1942_09_pavlovs_house.pot","1942_09_pavlovs_house.pot",".pot","6946","True"
"air-combat-script","localizations\default\interface\text\mission\single\01-rus\1942_10_obsich.pot","1942_10_obsich.pot",".pot","11157","True"
"air-combat-script","localizations\default\interface\text\mission\single\01-rus\1942_12_winterstorm.pot","1942_12_winterstorm.pot",".pot","21895","True"
"air-combat-script","localizations\default\interface\text\mission\single\01-rus\1943_07_ponyri.pot","1943_07_ponyri.pot",".pot","5318","True"
"air-combat-script","localizations\default\interface\text\mission\single\01-rus\1943_11_kiev.pot","1943_11_kiev.pot",".pot","4999","True"
"air-combat-script","localizations\default\interface\text\mission\single\01-rus\1944_10_courland.pot","1944_10_courland.pot",".pot","10760","True"
"air-combat-script","localizations\default\interface\text\mission\single\01-rus\1945_04_konigsberg.pot","1945_04_konigsberg.pot",".pot","6182","True"
"air-combat-script","localizations\default\interface\text\mission\single\01-rus\campaign.pot","campaign.pot",".pot","495","True"
"air-combat-script","localizations\default\interface\text\mission\single\01-rus_skirmish\campaign.pot","campaign.pot",".pot","516","True"
"air-combat-script","localizations\default\interface\text\mission\single\02-ger\1941_10_glushkovo.pot","1941_10_glushkovo.pot",".pot","7413","True"
"air-combat-script","localizations\default\interface\text\mission\single\02-ger\1942_01_vyazma.pot","1942_01_vyazma.pot",".pot","11661","True"
"air-combat-script","localizations\default\interface\text\mission\single\02-ger\1942_06_sevastopol.pot","1942_06_sevastopol.pot",".pot","7788","True"
"air-combat-script","localizations\default\interface\text\mission\single\02-ger\1942_09_elbrus.pot","1942_09_elbrus.pot",".pot","16060","True"
"air-combat-script","localizations\default\interface\text\mission\single\02-ger\1943_02_krasny_bor.pot","1943_02_krasny_bor.pot",".pot","8471","True"
"air-combat-script","localizations\default\interface\text\mission\single\02-ger\1943_07_petrovka.pot","1943_07_petrovka.pot",".pot","17166","True"
"air-combat-script","localizations\default\interface\text\mission\single\02-ger\1943_11_wotan.pot","1943_11_wotan.pot",".pot","9894","True"
"air-combat-script","localizations\default\interface\text\mission\single\02-ger\1944_03_narva.pot","1944_03_narva.pot",".pot","8204","True"
"air-combat-script","localizations\default\interface\text\mission\single\02-ger\1944_09_yugoslavia.pot","1944_09_yugoslavia.pot",".pot","7109","True"
"air-combat-script","localizations\default\interface\text\mission\single\02-ger\1945_03_spring-awakening.pot","1945_03_spring-awakening.pot",".pot","7068","True"
"air-combat-script","localizations\default\interface\text\mission\single\02-ger\campaign.pot","campaign.pot",".pot","500","True"
"air-combat-script","localizations\default\interface\text\mission\single\02-ger-west\1944_06_saint_lo_hills.pot","1944_06_saint_lo_hills.pot",".pot","10093","True"
"air-combat-script","localizations\default\interface\text\mission\single\02-ger-west\1944_08_07_luttich.pot","1944_08_07_luttich.pot",".pot","7803","True"
"air-combat-script","localizations\default\interface\text\mission\single\02-ger-west\1944_08_19_falaise_escape.pot","1944_08_19_falaise_escape.pot",".pot","8370","True"
"air-combat-script","localizations\default\interface\text\mission\single\02-ger-west\1944_12_samree.pot","1944_12_samree.pot",".pot","7685","True"
"air-combat-script","localizations\default\interface\text\mission\single\02-ger-west\1945_01_thirimont.pot","1945_01_thirimont.pot",".pot","9005","True"
"air-combat-script","localizations\default\interface\text\mission\single\02-ger-west\1945_04_ruhr_pocket.pot","1945_04_ruhr_pocket.pot",".pot","13321","True"
"air-combat-script","localizations\default\interface\text\mission\single\02-ger-west\campaign.pot","campaign.pot",".pot","532","True"
"air-combat-script","localizations\default\interface\text\mission\single\02-ger_skirmish\campaign.pot","campaign.pot",".pot","519","True"
"air-combat-script","localizations\default\interface\text\mission\single\03-fin\1939_12_kollaa.pot","1939_12_kollaa.pot",".pot","20915","True"
"air-combat-script","localizations\default\interface\text\mission\single\03-fin\1939_12_summa.pot","1939_12_summa.pot",".pot","6920","True"
"air-combat-script","localizations\default\interface\text\mission\single\03-fin\1940_01_raate_road.pot","1940_01_raate_road.pot",".pot","5176","True"
"air-combat-script","localizations\default\interface\text\mission\single\03-fin\1941_08_ino_station.pot","1941_08_ino_station.pot",".pot","5660","True"
"air-combat-script","localizations\default\interface\text\mission\single\03-fin\1941_08_porlampi.pot","1941_08_porlampi.pot",".pot","5022","True"
"air-combat-script","localizations\default\interface\text\mission\single\03-fin\1944_06_tali-ilhantala.pot","1944_06_tali-ilhantala.pot",".pot","7446","True"
"air-combat-script","localizations\default\interface\text\mission\single\03-fin\1944_10_tornio.pot","1944_10_tornio.pot",".pot","5079","True"
"air-combat-script","localizations\default\interface\text\mission\single\03-fin\campaign.pot","campaign.pot",".pot","501","True"
"air-combat-script","localizations\default\interface\text\mission\single\03-fin_skirmish\campaign.pot","campaign.pot",".pot","519","True"
"air-combat-script","localizations\default\interface\text\mission\single\04-usa\1944_06_pointe_du_hoc.pot","1944_06_pointe_du_hoc.pot",".pot","13354","True"
"air-combat-script","localizations\default\interface\text\mission\single\04-usa\1944_07_hedgerow_hell.pot","1944_07_hedgerow_hell.pot",".pot","8420","True"
"air-combat-script","localizations\default\interface\text\mission\single\04-usa\1944_07_skirmish_operation_cobra.pot","1944_07_skirmish_operation_cobra.pot",".pot","4547","True"
"air-combat-script","localizations\default\interface\text\mission\single\04-usa\1944_08_mortain.pot","1944_08_mortain.pot",".pot","5923","True"
"air-combat-script","localizations\default\interface\text\mission\single\04-usa\1944_08_skirmish_falaise_pocket.pot","1944_08_skirmish_falaise_pocket.pot",".pot","4582","True"
"air-combat-script","localizations\default\interface\text\mission\single\04-usa\1944_10_skirmish_hurtgen_forest.pot","1944_10_skirmish_hurtgen_forest.pot",".pot","4595","True"
"air-combat-script","localizations\default\interface\text\mission\single\04-usa\1944_12_hill400.pot","1944_12_hill400.pot",".pot","9961","True"
"air-combat-script","localizations\default\interface\text\mission\single\04-usa\1944_12_hotton.pot","1944_12_hotton.pot",".pot","7688","True"
"air-combat-script","localizations\default\interface\text\mission\single\04-usa\1944_12_skirmish_bulge.pot","1944_12_skirmish_bulge.pot",".pot","4444","True"
"air-combat-script","localizations\default\interface\text\mission\single\04-usa\1945_03_cologne.pot","1945_03_cologne.pot",".pot","7022","True"
"air-combat-script","localizations\default\interface\text\mission\single\04-usa\campaign.pot","campaign.pot",".pot","498","True"
"air-combat-script","localizations\default\interface\text\mission\single\04-usa\common.pot","common.pot",".pot","1221","True"
"air-combat-script","localizations\default\interface\text\mission\single\04-usa\reinf_usa.pot","reinf_usa.pot",".pot","6934","True"
"air-combat-script","localizations\default\interface\text\mission\single\041-usa_airborne\1944_06_01_pathfinders.pot","1944_06_01_pathfinders.pot",".pot","13699","True"
"air-combat-script","localizations\default\interface\text\mission\single\041-usa_airborne\1944_06_02_sainte_mere_eglise.pot","1944_06_02_sainte_mere_eglise.pot",".pot","10891","True"
"air-combat-script","localizations\default\interface\text\mission\single\041-usa_airborne\1944_06_03_brecourt_manor.pot","1944_06_03_brecourt_manor.pot",".pot","7998","True"
"air-combat-script","localizations\default\interface\text\mission\single\041-usa_airborne\1944_06_04_la-fiere_bridge.pot","1944_06_04_la-fiere_bridge.pot",".pot","7500","True"
"air-combat-script","localizations\default\interface\text\mission\single\041-usa_airborne\1944_06_05_carentan.pot","1944_06_05_carentan.pot",".pot","7552","True"
"air-combat-script","localizations\default\interface\text\mission\single\041-usa_airborne\1944_06_06_bloody_gulch.pot","1944_06_06_bloody_gulch.pot",".pot","7191","True"
"air-combat-script","localizations\default\interface\text\mission\single\041-usa_airborne\1944_09_01_nijmegen.pot","1944_09_01_nijmegen.pot",".pot","5767","True"
"air-combat-script","localizations\default\interface\text\mission\single\041-usa_airborne\1944_09_02_veghel.pot","1944_09_02_veghel.pot",".pot","5096","True"
"air-combat-script","localizations\default\interface\text\mission\single\041-usa_airborne\1944_12_01_noville.pot","1944_12_01_noville.pot",".pot","6358","True"
"air-combat-script","localizations\default\interface\text\mission\single\041-usa_airborne\1944_12_02_elsenborn.pot","1944_12_02_elsenborn.pot",".pot","8384","True"
"air-combat-script","localizations\default\interface\text\mission\single\041-usa_airborne\1944_12_03_bastogne.pot","1944_12_03_bastogne.pot",".pot","9954","True"
"air-combat-script","localizations\default\interface\text\mission\single\041-usa_airborne\1945_04_30_elbe.pot","1945_04_30_elbe.pot",".pot","5547","True"
"air-combat-script","localizations\default\interface\text\mission\single\041-usa_airborne\campaign.pot","campaign.pot",".pot","516","True"
"air-combat-script","localizations\default\interface\text\mission\single\041-usa_airborne\common.pot","common.pot",".pot","1301","True"
"air-combat-script","localizations\default\interface\text\mission\single\041-usa_airborne\reinf_usa.pot","reinf_usa.pot",".pot","7714","True"
"air-combat-script","localizations\default\interface\text\mission\single\05-eng\1940_05_13_dyle.pot","1940_05_13_dyle.pot",".pot","32378","True"
"air-combat-script","localizations\default\interface\text\mission\single\05-eng\1940_05_20_arras_skirmish.pot","1940_05_20_arras_skirmish.pot",".pot","5808","True"
"air-combat-script","localizations\default\interface\text\mission\single\05-eng\1940_06_03_dunkirk.pot","1940_06_03_dunkirk.pot",".pot","14424","True"
"air-combat-script","localizations\default\interface\text\mission\single\05-eng\1944_06_05_pegasus.pot","1944_06_05_pegasus.pot",".pot","18232","True"
"air-combat-script","localizations\default\interface\text\mission\single\05-eng\1944_07_13_villers-bocage_skirmish.pot","1944_07_13_villers-bocage_skirmish.pot",".pot","6387","True"
"air-combat-script","localizations\default\interface\text\mission\single\05-eng\1944_07_18_caen_goodwood.pot","1944_07_18_caen_goodwood.pot",".pot","16342","True"
"air-combat-script","localizations\default\interface\text\mission\single\05-eng\1944_09_17_arnhem.pot","1944_09_17_arnhem.pot",".pot","16913","True"
"air-combat-script","localizations\default\interface\text\mission\single\05-eng\1944_09_20_marketgarden_skirmish.pot","1944_09_20_marketgarden_skirmish.pot",".pot","6106","True"
"air-combat-script","localizations\default\interface\text\mission\single\05-eng\1944_09_20_oosterbeek.pot","1944_09_20_oosterbeek.pot",".pot","26474","True"
"air-combat-script","localizations\default\interface\text\mission\single\05-eng\1945_03_24_varsity.pot","1945_03_24_varsity.pot",".pot","21990","True"
"air-combat-script","localizations\default\interface\text\mission\single\05-eng\campaign.pot","campaign.pot",".pot","530","True"
"air-combat-script","localizations\default\interface\text\mission\single\05-eng\common.pot","common.pot",".pot","1221","True"
"air-combat-script","localizations\default\interface\text\mission\single\051-ger_finesthour\1940_05_arras.pot","1940_05_arras.pot",".pot","6429","True"
"air-combat-script","localizations\default\interface\text\mission\single\051-ger_finesthour\1940_06_st_valery_en_caux.pot","1940_06_st_valery_en_caux.pot",".pot","8101","True"
"air-combat-script","localizations\default\interface\text\mission\single\051-ger_finesthour\1944_06_swordbeach.pot","1944_06_swordbeach.pot",".pot","6040","True"
"air-combat-script","localizations\default\interface\text\mission\single\051-ger_finesthour\1944_06_tilly_sur_seulles.pot","1944_06_tilly_sur_seulles.pot",".pot","6037","True"
"air-combat-script","localizations\default\interface\text\mission\single\051-ger_finesthour\1944_09_koevering.pot","1944_09_koevering.pot",".pot","8064","True"
"air-combat-script","localizations\default\interface\text\mission\single\051-ger_finesthour\1944_10_woensdrecht.pot","1944_10_woensdrecht.pot",".pot","10551","True"
"air-combat-script","localizations\default\interface\text\mission\single\051-ger_finesthour\campaign.pot","campaign.pot",".pot","554","True"
"air-combat-script","localizations\default\interface\text\mission\single\06-bonus\1941_12_feodosia.pot","1941_12_feodosia.pot",".pot","6669","True"
"air-combat-script","localizations\default\interface\text\mission\single\06-bonus\1944_03_trap.pot","1944_03_trap.pot",".pot","10997","True"
"air-combat-script","localizations\default\interface\text\mission\single\06-bonus\1945_04_yugoslavia.pot","1945_04_yugoslavia.pot",".pot","12931","True"
"air-combat-script","localizations\default\interface\text\mission\single\06-bonus\campaign.pot","campaign.pot",".pot","582","True"
"air-combat-script","localizations\default\interface\text\mission\single\0x-skirmish\1940_02-fin_honkaniemi.pot","1940_02-fin_honkaniemi.pot",".pot","4171","True"
"air-combat-script","localizations\default\interface\text\mission\single\0x-skirmish\1941_07-fin_petrozavodsk.pot","1941_07-fin_petrozavodsk.pot",".pot","4302","True"
"air-combat-script","localizations\default\interface\text\mission\single\0x-skirmish\1941_07-rus_smolensk.pot","1941_07-rus_smolensk.pot",".pot","4575","True"
"air-combat-script","localizations\default\interface\text\mission\single\0x-skirmish\1941_08-fin_polar_fox_alakurtti.pot","1941_08-fin_polar_fox_alakurtti.pot",".pot","4324","True"
"air-combat-script","localizations\default\interface\text\mission\single\0x-skirmish\1941_11-ger_moscow.pot","1941_11-ger_moscow.pot",".pot","4874","True"
"air-combat-script","localizations\default\interface\text\mission\single\0x-skirmish\1942_10-rus_stalingrad_volga.pot","1942_10-rus_stalingrad_volga.pot",".pot","4536","True"
"air-combat-script","localizations\default\interface\text\mission\single\0x-skirmish\1942_11-ger_mamayev_kurgan.pot","1942_11-ger_mamayev_kurgan.pot",".pot","4633","True"
"air-combat-script","localizations\default\interface\text\mission\single\0x-skirmish\1943_02-ger_kharkov.pot","1943_02-ger_kharkov.pot",".pot","4321","True"
"air-combat-script","localizations\default\interface\text\mission\single\0x-skirmish\1944_07-fin_ilomantsi.pot","1944_07-fin_ilomantsi.pot",".pot","4204","True"
"air-combat-script","localizations\default\interface\text\mission\single\0x-skirmish\1944_07-rus_op_bagration.pot","1944_07-rus_op_bagration.pot",".pot","4228","True"
"air-combat-script","localizations\default\interface\text\mission\single\0x-skirmish\1945-04-ger_berlin.pot","1945-04-ger_berlin.pot",".pot","4408","True"
"air-combat-script","localizations\default\interface\text\mission\single\0x-skirmish\1945_04-rus_seelow_heights.pot","1945_04-rus_seelow_heights.pot",".pot","4382","True"
"air-combat-script","localizations\default\interface\text\mission\single\0x-skirmish\campaign.pot","campaign.pot",".pot","518","True"
"air-combat-script","localizations\default\interface\text\mission\single\0x-skirmish\common.pot","common.pot",".pot","1261","True"
"air-combat-script","localizations\default\interface\text\mission\single\0x-skirmish\reinf_eng.pot","reinf_eng.pot",".pot","12018","True"
"air-combat-script","localizations\default\interface\text\mission\single\0x-skirmish\reinf_fin.pot","reinf_fin.pot",".pot","13195","True"
"air-combat-script","localizations\default\interface\text\mission\single\0x-skirmish\reinf_ger.pot","reinf_ger.pot",".pot","11877","True"
"air-combat-script","localizations\default\interface\text\mission\single\0x-skirmish\reinf_rus.pot","reinf_rus.pot",".pot","10020","True"
"air-combat-script","localizations\default\interface\text\mission\single\0x-skirmish\_common.pot","_common.pot",".pot","693","True"
"air-combat-script","localizations\default\interface\text\mission\single\0x-skirmish\_reinf_ger.pot","_reinf_ger.pot",".pot","3360","True"
"air-combat-script","localizations\default\interface\text\names\dlg_names.pot","dlg_names.pot",".pot","25130","True"
"air-combat-script","localizations\default\interface\text\names\dlg_names_eng.pot","dlg_names_eng.pot",".pot","13477","True"
"air-combat-script","localizations\default\interface\text\names\dlg_names_finland.pot","dlg_names_finland.pot",".pot","3112","True"
"air-combat-script","localizations\default\interface\text\names\dlg_names_fra.pot","dlg_names_fra.pot",".pot","4960","True"
"air-combat-script","localizations\default\interface\text\names\dlg_names_pol.pot","dlg_names_pol.pot",".pot","3361","True"
"air-combat-script","localizations\default\interface\text\names\dlg_names_swe.pot","dlg_names_swe.pot",".pot","3997","True"
"air-combat-script","localizations\default\interface\text\names\dlg_names_usa.pot","dlg_names_usa.pot",".pot","10035","True"
"air-combat-script","resource\entity\-vehicle\eng\airborne\blenheim_mk1_eng\blend.mtl","blend.mtl",".mtl","192","True"
"air-combat-script","resource\entity\-vehicle\eng\airborne\blenheim_mk1_eng\blenheimmk1.mdl","blenheimmk1.mdl",".mdl","18212","True"
"air-combat-script","resource\entity\-vehicle\eng\airborne\blenheim_mk1_eng\blenheim_mk1_eng.def","blenheim_mk1_eng.def",".def","2370","True"
"air-combat-script","resource\entity\-vehicle\eng\airborne\blenheim_mk1_eng\blenheim_mk1_eng_ai.def","blenheim_mk1_eng_ai.def",".def","2379","True"
"air-combat-script","resource\entity\-vehicle\eng\airborne\blenheim_mk1_eng\blenheim_mk1_eng_user.def","blenheim_mk1_eng_user.def",".def","3004","True"
"air-combat-script","resource\entity\-vehicle\eng\airborne\blenheim_mk1_eng\fire.anm","fire.anm",".anm","407","False"
"air-combat-script","resource\entity\-vehicle\eng\airborne\blenheim_mk1_eng\glass_prop.mtl","glass_prop.mtl",".mtl","170","True"
"air-combat-script","resource\entity\-vehicle\eng\airborne\blenheim_mk1_eng\propeller1_work.ply","propeller1_work.ply",".ply","2922","False"
"air-combat-script","resource\entity\-vehicle\eng\airborne\blenheim_mk1_eng\propeller2_work.ply","propeller2_work.ply",".ply","2922","False"
"air-combat-script","resource\entity\-vehicle\eng\airborne\blenheim_mk1_eng\prop_work.mtl","prop_work.mtl",".mtl","204","True"
"air-combat-script","resource\entity\-vehicle\eng\airborne\hurribomber_mk2c\fire.anm","fire.anm",".anm","407","False"
"air-combat-script","resource\entity\-vehicle\eng\airborne\hurribomber_mk2c\fuchong0to-4.anm","fuchong0to-4.anm",".anm","5473","False"
"air-combat-script","resource\entity\-vehicle\eng\airborne\hurribomber_mk2c\glass.mtl","glass.mtl",".mtl","172","True"
"air-combat-script","resource\entity\-vehicle\eng\airborne\hurribomber_mk2c\hurribombermk2c.mdl","hurribombermk2c.mdl",".mdl","20712","True"
"air-combat-script","resource\entity\-vehicle\eng\airborne\hurribomber_mk2c\hurribomber_mk2c_air_combat.def","hurribomber_mk2c_air_combat.def",".def","2209","True"
"air-combat-script","resource\entity\-vehicle\eng\airborne\hurribomber_mk2c\hurribomber_mk2c_air_combat_ai.def","hurribomber_mk2c_air_combat_ai.def",".def","2157","True"
"air-combat-script","resource\entity\-vehicle\eng\airborne\hurribomber_mk2c\hurribomber_mk2c_cas.def","hurribomber_mk2c_cas.def",".def","2368","True"
"air-combat-script","resource\entity\-vehicle\eng\airborne\hurribomber_mk2c\hurribomber_mk2c_cas_ai.def","hurribomber_mk2c_cas_ai.def",".def","2365","True"
"air-combat-script","resource\entity\-vehicle\eng\airborne\hurribomber_mk2c\hurribomber_mk2c_user.def","hurribomber_mk2c_user.def",".def","2505","True"
"air-combat-script","resource\entity\-vehicle\eng\airborne\hurribomber_mk2c\lasheng-1to0.anm","lasheng-1to0.anm",".anm","2787","False"
"air-combat-script","resource\entity\-vehicle\eng\airborne\hurribomber_mk2c\lasheng-2to0.anm","lasheng-2to0.anm",".anm","2521","False"
"air-combat-script","resource\entity\-vehicle\eng\airborne\hurribomber_mk2c\light.anm","light.anm",".anm","518","False"
"air-combat-script","resource\entity\-vehicle\eng\airborne\hurricane_mk1a\aileron1.ply","aileron1.ply",".ply","5369","False"
"air-combat-script","resource\entity\-vehicle\eng\airborne\hurricane_mk1a\aileron2.ply","aileron2.ply",".ply","5369","False"
"air-combat-script","resource\entity\-vehicle\eng\airborne\hurricane_mk1a\armhingel.ply","armhingel.ply",".ply","4193","False"
"air-combat-script","resource\entity\-vehicle\eng\airborne\hurricane_mk1a\armhinger.ply","armhinger.ply",".ply","4193","False"
"air-combat-script","resource\entity\-vehicle\eng\airborne\hurricane_mk1a\body.ply","body.ply",".ply","195166","False"
"air-combat-script","resource\entity\-vehicle\eng\airborne\hurricane_mk1a\body1.vol","body1.vol",".vol","1196","False"
"air-combat-script","resource\entity\-vehicle\eng\airborne\hurricane_mk1a\body2.vol","body2.vol",".vol","338","False"
"air-combat-script","resource\entity\-vehicle\eng\airborne\hurricane_mk1a\cabin.ply","cabin.ply",".ply","578194","False"
"air-combat-script","resource\entity\-vehicle\eng\airborne\hurricane_mk1a\canopy.ply","canopy.ply",".ply","72790","False"
"air-combat-script","resource\entity\-vehicle\eng\airborne\hurricane_mk1a\coolantflap.ply","coolantflap.ply",".ply","11662","False"
"air-combat-script","resource\entity\-vehicle\eng\airborne\hurricane_mk1a\elevator1.ply","elevator1.ply",".ply","21881","False"
"air-combat-script","resource\entity\-vehicle\eng\airborne\hurricane_mk1a\elevator1.vol","elevator1.vol",".vol","208","False"
"air-combat-script","resource\entity\-vehicle\eng\airborne\hurricane_mk1a\elevator2.ply","elevator2.ply",".ply","21881","False"
"air-combat-script","resource\entity\-vehicle\eng\airborne\hurricane_mk1a\elevator2.vol","elevator2.vol",".vol","208","False"
"air-combat-script","resource\entity\-vehicle\eng\airborne\hurricane_mk1a\engine1.ply","engine1.ply",".ply","147574","False"
"air-combat-script","resource\entity\-vehicle\eng\airborne\hurricane_mk1a\engine1.vol","engine1.vol",".vol","702","False"
"air-combat-script","resource\entity\-vehicle\eng\airborne\hurricane_mk1a\engine_start.anm","engine_start.anm",".anm","294111","False"
"air-combat-script","resource\entity\-vehicle\eng\airborne\hurricane_mk1a\engine_stop.anm","engine_stop.anm",".anm","171801","False"
"air-combat-script","resource\entity\-vehicle\eng\airborne\hurricane_mk1a\engine_work.anm","engine_work.anm",".anm","174204","False"
"air-combat-script","resource\entity\-vehicle\eng\airborne\hurricane_mk1a\fire.anm","fire.anm",".anm","407","False"
"air-combat-script","resource\entity\-vehicle\eng\airborne\hurricane_mk1a\flapl1.ply","flapl1.ply",".ply","24089","False"
"air-combat-script","resource\entity\-vehicle\eng\airborne\hurricane_mk1a\flapl2.ply","flapl2.ply",".ply","17777","False"
"air-combat-script","resource\entity\-vehicle\eng\airborne\hurricane_mk1a\flapr1.ply","flapr1.ply",".ply","24089","False"
"air-combat-script","resource\entity\-vehicle\eng\airborne\hurricane_mk1a\flapr2.ply","flapr2.ply",".ply","17777","False"
"air-combat-script","resource\entity\-vehicle\eng\airborne\hurricane_mk1a\gear2_l.ply","gear2_l.ply",".ply","20057","False"
"air-combat-script","resource\entity\-vehicle\eng\airborne\hurricane_mk1a\gear2_r.ply","gear2_r.ply",".ply","20153","False"
"air-combat-script","resource\entity\-vehicle\eng\airborne\hurricane_mk1a\geararml1.ply","geararml1.ply",".ply","25313","False"
"air-combat-script","resource\entity\-vehicle\eng\airborne\hurricane_mk1a\geararml2.ply","geararml2.ply",".ply","24857","False"
"air-combat-script","resource\entity\-vehicle\eng\airborne\hurricane_mk1a\geararmr1.ply","geararmr1.ply",".ply","25217","False"
"air-combat-script","resource\entity\-vehicle\eng\airborne\hurricane_mk1a\geararmr2.ply","geararmr2.ply",".ply","24617","False"
"air-combat-script","resource\entity\-vehicle\eng\airborne\hurricane_mk1a\gearbay.ply","gearbay.ply",".ply","189857","False"
"air-combat-script","resource\entity\-vehicle\eng\airborne\hurricane_mk1a\geardoorl3.ply","geardoorl3.ply",".ply","1961","False"
"air-combat-script","resource\entity\-vehicle\eng\airborne\hurricane_mk1a\geardoorr3.ply","geardoorr3.ply",".ply","1961","False"
"air-combat-script","resource\entity\-vehicle\eng\airborne\hurricane_mk1a\gearjackl.ply","gearjackl.ply",".ply","20225","False"
"air-combat-script","resource\entity\-vehicle\eng\airborne\hurricane_mk1a\gearjackr.ply","gearjackr.ply",".ply","22433","False"
"air-combat-script","resource\entity\-vehicle\eng\airborne\hurricane_mk1a\gearjackrodl.ply","gearjackrodl.ply",".ply","4313","False"
"air-combat-script","resource\entity\-vehicle\eng\airborne\hurricane_mk1a\gearjackrodr.ply","gearjackrodr.ply",".ply","4313","False"
"air-combat-script","resource\entity\-vehicle\eng\airborne\hurricane_mk1a\gear_l.ply","gear_l.ply",".ply","142367","False"
"air-combat-script","resource\entity\-vehicle\eng\airborne\hurricane_mk1a\gear_r.ply","gear_r.ply",".ply","143087","False"
"air-combat-script","resource\entity\-vehicle\eng\airborne\hurricane_mk1a\glass.mtl","glass.mtl",".mtl","172","True"
"air-combat-script","resource\entity\-vehicle\eng\airborne\hurricane_mk1a\glass1.ply","glass1.ply",".ply","2562","False"
"air-combat-script","resource\entity\-vehicle\eng\airborne\hurricane_mk1a\glass2.ply","glass2.ply",".ply","3778","False"
"air-combat-script","resource\entity\-vehicle\eng\airborne\hurricane_mk1a\hurricane_mk1a.def","hurricane_mk1a.def",".def","2107","True"
"air-combat-script","resource\entity\-vehicle\eng\airborne\hurricane_mk1a\hurricane_mk1a.mdl","hurricane_mk1a.mdl",".mdl","18971","True"
"air-combat-script","resource\entity\-vehicle\eng\airborne\hurricane_mk1a\jackactuatorl.ply","jackactuatorl.ply",".ply","23477","False"
"air-combat-script","resource\entity\-vehicle\eng\airborne\hurricane_mk1a\jackactuatorr.ply","jackactuatorr.ply",".ply","23573","False"
"air-combat-script","resource\entity\-vehicle\eng\airborne\hurricane_mk1a\legsleevel.ply","legsleevel.ply",".ply","22577","False"
"air-combat-script","resource\entity\-vehicle\eng\airborne\hurricane_mk1a\legsleever.ply","legsleever.ply",".ply","22961","False"
"air-combat-script","resource\entity\-vehicle\eng\airborne\hurricane_mk1a\mat_hurricane.mtl","mat_hurricane.mtl",".mtl","194","True"
"air-combat-script","resource\entity\-vehicle\eng\airborne\hurricane_mk1a\mat_wing.mtl","mat_wing.mtl",".mtl","185","True"
"air-combat-script","resource\entity\-vehicle\eng\airborne\hurricane_mk1a\open.anm","open.anm",".anm","867","False"
"air-combat-script","resource\entity\-vehicle\eng\airborne\hurricane_mk1a\propeller1.ply","propeller1.ply",".ply","196354","False"
"air-combat-script","resource\entity\-vehicle\eng\airborne\hurricane_mk1a\propeller1_work.ply","propeller1_work.ply",".ply","2922","False"
"air-combat-script","resource\entity\-vehicle\eng\airborne\hurricane_mk1a\prop_cone.ply","prop_cone.ply",".ply","67618","False"
"air-combat-script","resource\entity\-vehicle\eng\airborne\hurricane_mk1a\prop_work.mtl","prop_work.mtl",".mtl","204","True"
"air-combat-script","resource\entity\-vehicle\eng\airborne\hurricane_mk1a\rod1.ply","rod1.ply",".ply","18310","False"
"air-combat-script","resource\entity\-vehicle\eng\airborne\hurricane_mk1a\rudder.ply","rudder.ply",".ply","44278","False"
"air-combat-script","resource\entity\-vehicle\eng\airborne\hurricane_mk1a\rudder.vol","rudder.vol",".vol","312","False"
"air-combat-script","resource\entity\-vehicle\eng\airborne\hurricane_mk1a\sightglass.ply","sightglass.ply",".ply","1786","False"
"air-combat-script","resource\entity\-vehicle\eng\airborne\hurricane_mk1a\stabilizer1.ply","stabilizer1.ply",".ply","10145","False"
"air-combat-script","resource\entity\-vehicle\eng\airborne\hurricane_mk1a\stabilizer1.vol","stabilizer1.vol",".vol","312","False"
"air-combat-script","resource\entity\-vehicle\eng\airborne\hurricane_mk1a\stabilizer2.ply","stabilizer2.ply",".ply","10145","False"
"air-combat-script","resource\entity\-vehicle\eng\airborne\hurricane_mk1a\stabilizer2.vol","stabilizer2.vol",".vol","208","False"
"air-combat-script","resource\entity\-vehicle\eng\airborne\hurricane_mk1a\steer_back.ply","steer_back.ply",".ply","52714","False"
"air-combat-script","resource\entity\-vehicle\eng\airborne\hurricane_mk1a\step.ply","step.ply",".ply","14062","False"
"air-combat-script","resource\entity\-vehicle\eng\airborne\hurricane_mk1a\wheelback.ply","wheelback.ply",".ply","24670","False"
"air-combat-script","resource\entity\-vehicle\eng\airborne\hurricane_mk1a\wheels.anm","wheels.anm",".anm","14761","False"
"air-combat-script","resource\entity\-vehicle\eng\airborne\hurricane_mk1a\wheel_l.ply","wheel_l.ply",".ply","79289","False"
"air-combat-script","resource\entity\-vehicle\eng\airborne\hurricane_mk1a\wheel_r.ply","wheel_r.ply",".ply","80105","False"
"air-combat-script","resource\entity\-vehicle\eng\airborne\hurricane_mk1a\wingglassl.ply","wingglassl.ply",".ply","1498","False"
"air-combat-script","resource\entity\-vehicle\eng\airborne\hurricane_mk1a\wingglassr.ply","wingglassr.ply",".ply","1498","False"
"air-combat-script","resource\entity\-vehicle\eng\airborne\hurricane_mk1a\wingl1.ply","wingl1.ply",".ply","43469","False"
"air-combat-script","resource\entity\-vehicle\eng\airborne\hurricane_mk1a\wingl1.vol","wingl1.vol",".vol","208","False"
"air-combat-script","resource\entity\-vehicle\eng\airborne\hurricane_mk1a\wingl2.ply","wingl2.ply",".ply","76865","False"
"air-combat-script","resource\entity\-vehicle\eng\airborne\hurricane_mk1a\wingl2.vol","wingl2.vol",".vol","312","False"
"air-combat-script","resource\entity\-vehicle\eng\airborne\hurricane_mk1a\wingr1.ply","wingr1.ply",".ply","43889","False"
"air-combat-script","resource\entity\-vehicle\eng\airborne\hurricane_mk1a\wingr1.vol","wingr1.vol",".vol","208","False"
"air-combat-script","resource\entity\-vehicle\eng\airborne\hurricane_mk1a\wingr2.ply","wingr2.ply",".ply","72089","False"
"air-combat-script","resource\entity\-vehicle\eng\airborne\hurricane_mk1a\wingr2.vol","wingr2.vol",".vol","312","False"
"air-combat-script","resource\entity\-vehicle\eng\airborne\typhoon_mk1b\1blade1.vol","1blade1.vol",".vol","208","False"
"air-combat-script","resource\entity\-vehicle\eng\airborne\typhoon_mk1b\1blade2.vol","1blade2.vol",".vol","208","False"
"air-combat-script","resource\entity\-vehicle\eng\airborne\typhoon_mk1b\1blade3.vol","1blade3.vol",".vol","208","False"
"air-combat-script","resource\entity\-vehicle\eng\airborne\typhoon_mk1b\1blade4.vol","1blade4.vol",".vol","208","False"
"air-combat-script","resource\entity\-vehicle\eng\airborne\typhoon_mk1b\aileron1.ply","aileron1.ply",".ply","11397","False"
"air-combat-script","resource\entity\-vehicle\eng\airborne\typhoon_mk1b\aileron1.vol","aileron1.vol",".vol","208","False"
"air-combat-script","resource\entity\-vehicle\eng\airborne\typhoon_mk1b\aileron2.ply","aileron2.ply",".ply","11013","False"
"air-combat-script","resource\entity\-vehicle\eng\airborne\typhoon_mk1b\aileron2.vol","aileron2.vol",".vol","208","False"
"air-combat-script","resource\entity\-vehicle\eng\airborne\typhoon_mk1b\base.mtl","base.mtl",".mtl","173","True"
"air-combat-script","resource\entity\-vehicle\eng\airborne\typhoon_mk1b\body.ply","body.ply",".ply","341427","False"
"air-combat-script","resource\entity\-vehicle\eng\airborne\typhoon_mk1b\body1.vol","body1.vol",".vol","1196","False"
"air-combat-script","resource\entity\-vehicle\eng\airborne\typhoon_mk1b\bomb_00.ply","bomb_00.ply",".ply","60217","False"
"air-combat-script","resource\entity\-vehicle\eng\airborne\typhoon_mk1b\bomb_00_lod1.ply","bomb_00_lod1.ply",".ply","42517","False"
"air-combat-script","resource\entity\-vehicle\eng\airborne\typhoon_mk1b\bomb_01.ply","bomb_01.ply",".ply","60217","False"
"air-combat-script","resource\entity\-vehicle\eng\airborne\typhoon_mk1b\bomb_01_lod1.ply","bomb_01_lod1.ply",".ply","42517","False"
"air-combat-script","resource\entity\-vehicle\eng\airborne\typhoon_mk1b\canopy.ply","canopy.ply",".ply","60225","False"
"air-combat-script","resource\entity\-vehicle\eng\airborne\typhoon_mk1b\canopy1.vol","canopy1.vol",".vol","208","False"
"air-combat-script","resource\entity\-vehicle\eng\airborne\typhoon_mk1b\canopy2.vol","canopy2.vol",".vol","468","False"
"air-combat-script","resource\entity\-vehicle\eng\airborne\typhoon_mk1b\elevator1.ply","elevator1.ply",".ply","14397","False"
"air-combat-script","resource\entity\-vehicle\eng\airborne\typhoon_mk1b\elevator1.vol","elevator1.vol",".vol","208","False"
"air-combat-script","resource\entity\-vehicle\eng\airborne\typhoon_mk1b\elevator2.ply","elevator2.ply",".ply","14493","False"
"air-combat-script","resource\entity\-vehicle\eng\airborne\typhoon_mk1b\elevator2.vol","elevator2.vol",".vol","208","False"
"air-combat-script","resource\entity\-vehicle\eng\airborne\typhoon_mk1b\engine1.ply","engine1.ply",".ply","189417","False"
"air-combat-script","resource\entity\-vehicle\eng\airborne\typhoon_mk1b\engine1.vol","engine1.vol",".vol","832","False"
"air-combat-script","resource\entity\-vehicle\eng\airborne\typhoon_mk1b\engine_start.anm","engine_start.anm",".anm","149383","False"
"air-combat-script","resource\entity\-vehicle\eng\airborne\typhoon_mk1b\engine_stop.anm","engine_stop.anm",".anm","122488","False"
"air-combat-script","resource\entity\-vehicle\eng\airborne\typhoon_mk1b\engine_work.anm","engine_work.anm",".anm","173626","False"
"air-combat-script","resource\entity\-vehicle\eng\airborne\typhoon_mk1b\fire.anm","fire.anm",".anm","407","False"
"air-combat-script","resource\entity\-vehicle\eng\airborne\typhoon_mk1b\flap1.ply","flap1.ply",".ply","13225","False"
"air-combat-script","resource\entity\-vehicle\eng\airborne\typhoon_mk1b\flap2.ply","flap2.ply",".ply","15535","False"
"air-combat-script","resource\entity\-vehicle\eng\airborne\typhoon_mk1b\flap3.ply","flap3.ply",".ply","15579","False"
"air-combat-script","resource\entity\-vehicle\eng\airborne\typhoon_mk1b\flap4.ply","flap4.ply",".ply","13221","False"
"air-combat-script","resource\entity\-vehicle\eng\airborne\typhoon_mk1b\geardoor_l.ply","geardoor_l.ply",".ply","12649","False"
"air-combat-script","resource\entity\-vehicle\eng\airborne\typhoon_mk1b\geardoor_main_l.ply","geardoor_main_l.ply",".ply","11941","False"
"air-combat-script","resource\entity\-vehicle\eng\airborne\typhoon_mk1b\geardoor_main_r.ply","geardoor_main_r.ply",".ply","11937","False"
"air-combat-script","resource\entity\-vehicle\eng\airborne\typhoon_mk1b\geardoor_r.ply","geardoor_r.ply",".ply","12645","False"
"air-combat-script","resource\entity\-vehicle\eng\airborne\typhoon_mk1b\gearleg2_l.ply","gearleg2_l.ply",".ply","7129","False"
"air-combat-script","resource\entity\-vehicle\eng\airborne\typhoon_mk1b\gearleg2_r.ply","gearleg2_r.ply",".ply","7125","False"
"air-combat-script","resource\entity\-vehicle\eng\airborne\typhoon_mk1b\gear_l.ply","gear_l.ply",".ply","21577","False"
"air-combat-script","resource\entity\-vehicle\eng\airborne\typhoon_mk1b\gear_r.ply","gear_r.ply",".ply","21573","False"
"air-combat-script","resource\entity\-vehicle\eng\airborne\typhoon_mk1b\gear_strut1_r.ply","gear_strut1_r.ply",".ply","3445","False"
"air-combat-script","resource\entity\-vehicle\eng\airborne\typhoon_mk1b\gear_strut2_l.ply","gear_strut2_l.ply",".ply","1213","False"
"air-combat-script","resource\entity\-vehicle\eng\airborne\typhoon_mk1b\gear_strut2_r.ply","gear_strut2_r.ply",".ply","1209","False"
"air-combat-script","resource\entity\-vehicle\eng\airborne\typhoon_mk1b\gear_strut3_l.ply","gear_strut3_l.ply",".ply","1717","False"
"air-combat-script","resource\entity\-vehicle\eng\airborne\typhoon_mk1b\gear_strut3_r.ply","gear_strut3_r.ply",".ply","1713","False"
"air-combat-script","resource\entity\-vehicle\eng\airborne\typhoon_mk1b\gear_strut4_l.ply","gear_strut4_l.ply",".ply","3909","False"
"air-combat-script","resource\entity\-vehicle\eng\airborne\typhoon_mk1b\gear_strut4_r.ply","gear_strut4_r.ply",".ply","4441","False"
"air-combat-script","resource\entity\-vehicle\eng\airborne\typhoon_mk1b\gear_strut5_l.ply","gear_strut5_l.ply",".ply","4929","False"
"air-combat-script","resource\entity\-vehicle\eng\airborne\typhoon_mk1b\gear_strut5_r.ply","gear_strut5_r.ply",".ply","5125","False"
"air-combat-script","resource\entity\-vehicle\eng\airborne\typhoon_mk1b\gear_strut_tr_l.ply","gear_strut_tr_l.ply",".ply","9021","False"
"air-combat-script","resource\entity\-vehicle\eng\airborne\typhoon_mk1b\gear_strut_tr_r.ply","gear_strut_tr_r.ply",".ply","9025","False"
"air-combat-script","resource\entity\-vehicle\eng\airborne\typhoon_mk1b\glass1.ply","glass1.ply",".ply","1738","False"
"air-combat-script","resource\entity\-vehicle\eng\airborne\typhoon_mk1b\glass2.ply","glass2.ply",".ply","5290","False"
"air-combat-script","resource\entity\-vehicle\eng\airborne\typhoon_mk1b\glass_fus.ply","glass_fus.ply",".ply","3370","False"
"air-combat-script","resource\entity\-vehicle\eng\airborne\typhoon_mk1b\glass_lightrear.ply","glass_lightrear.ply",".ply","1286","False"
"air-combat-script","resource\entity\-vehicle\eng\airborne\typhoon_mk1b\glass_wingl.ply","glass_wingl.ply",".ply","1846","False"
"air-combat-script","resource\entity\-vehicle\eng\airborne\typhoon_mk1b\glass_wingr.ply","glass_wingr.ply",".ply","1846","False"
"air-combat-script","resource\entity\-vehicle\eng\airborne\typhoon_mk1b\hub.ply","hub.ply",".ply","111417","False"
"air-combat-script","resource\entity\-vehicle\eng\airborne\typhoon_mk1b\hydraulic_jack_l.ply","hydraulic_jack_l.ply",".ply","8137","False"
"air-combat-script","resource\entity\-vehicle\eng\airborne\typhoon_mk1b\hydraulic_jack_r.ply","hydraulic_jack_r.ply",".ply","8137","False"
"air-combat-script","resource\entity\-vehicle\eng\airborne\typhoon_mk1b\joint1_l.ply","joint1_l.ply",".ply","5037","False"
"air-combat-script","resource\entity\-vehicle\eng\airborne\typhoon_mk1b\joint1_r.ply","joint1_r.ply",".ply","5041","False"
"air-combat-script","resource\entity\-vehicle\eng\airborne\typhoon_mk1b\joint2_l.ply","joint2_l.ply",".ply","4221","False"
"air-combat-script","resource\entity\-vehicle\eng\airborne\typhoon_mk1b\joint2_r.ply","joint2_r.ply",".ply","4225","False"
"air-combat-script","resource\entity\-vehicle\eng\airborne\typhoon_mk1b\joint3_l.ply","joint3_l.ply",".ply","2421","False"
"air-combat-script","resource\entity\-vehicle\eng\airborne\typhoon_mk1b\joint3_r.ply","joint3_r.ply",".ply","2617","False"
"air-combat-script","resource\entity\-vehicle\eng\airborne\typhoon_mk1b\open1.anm","open1.anm",".anm","2140","False"
"air-combat-script","resource\entity\-vehicle\eng\airborne\typhoon_mk1b\propeller1.ply","propeller1.ply",".ply","171081","False"
"air-combat-script","resource\entity\-vehicle\eng\airborne\typhoon_mk1b\propeller1_work.ply","propeller1_work.ply",".ply","2922","False"
"air-combat-script","resource\entity\-vehicle\eng\airborne\typhoon_mk1b\prop_work.mtl","prop_work.mtl",".mtl","111","True"
"air-combat-script","resource\entity\-vehicle\eng\airborne\typhoon_mk1b\retract_step.ply","retract_step.ply",".ply","6957","False"
"air-combat-script","resource\entity\-vehicle\eng\airborne\typhoon_mk1b\rudder.ply","rudder.ply",".ply","39855","False"
"air-combat-script","resource\entity\-vehicle\eng\airborne\typhoon_mk1b\rudder.vol","rudder.vol",".vol","312","False"
"air-combat-script","resource\entity\-vehicle\eng\airborne\typhoon_mk1b\stabilizer1.vol","stabilizer1.vol",".vol","312","False"
"air-combat-script","resource\entity\-vehicle\eng\airborne\typhoon_mk1b\stabilizer2.vol","stabilizer2.vol",".vol","208","False"
"air-combat-script","resource\entity\-vehicle\eng\airborne\typhoon_mk1b\tailgear_main.ply","tailgear_main.ply",".ply","30069","False"
"air-combat-script","resource\entity\-vehicle\eng\airborne\typhoon_mk1b\tailwheel.ply","tailwheel.ply",".ply","9117","False"
"air-combat-script","resource\entity\-vehicle\eng\airborne\typhoon_mk1b\typhoon_base.mtl","typhoon_base.mtl",".mtl","176","True"
"air-combat-script","resource\entity\-vehicle\eng\airborne\typhoon_mk1b\typhoon_glass.mtl","typhoon_glass.mtl",".mtl","160","True"
"air-combat-script","resource\entity\-vehicle\eng\airborne\typhoon_mk1b\typhoon_mk1b.def","typhoon_mk1b.def",".def","2082","True"
"air-combat-script","resource\entity\-vehicle\eng\airborne\typhoon_mk1b\typhoon_mk1b.mdl","typhoon_mk1b.mdl",".mdl","23981","True"
"air-combat-script","resource\entity\-vehicle\eng\airborne\typhoon_mk1b\typhoon_mk1b_recon.mdl","typhoon_mk1b_recon.mdl",".mdl","22772","True"
"air-combat-script","resource\entity\-vehicle\eng\airborne\typhoon_mk1b\wheels.anm","wheels.anm",".anm","55336","False"
"air-combat-script","resource\entity\-vehicle\eng\airborne\typhoon_mk1b\wheel_l.ply","wheel_l.ply",".ply","40609","False"
"air-combat-script","resource\entity\-vehicle\eng\airborne\typhoon_mk1b\wheel_r.ply","wheel_r.ply",".ply","43489","False"
"air-combat-script","resource\entity\-vehicle\eng\airborne\typhoon_mk1b\wingl1.ply","wingl1.ply",".ply","255105","False"
"air-combat-script","resource\entity\-vehicle\eng\airborne\typhoon_mk1b\wingl1.vol","wingl1.vol",".vol","208","False"
"air-combat-script","resource\entity\-vehicle\eng\airborne\typhoon_mk1b\wingl2.ply","wingl2.ply",".ply","117411","False"
"air-combat-script","resource\entity\-vehicle\eng\airborne\typhoon_mk1b\wingl2.vol","wingl2.vol",".vol","312","False"
"air-combat-script","resource\entity\-vehicle\eng\airborne\typhoon_mk1b\wingr1.ply","wingr1.ply",".ply","240561","False"
"air-combat-script","resource\entity\-vehicle\eng\airborne\typhoon_mk1b\wingr1.vol","wingr1.vol",".vol","208","False"
"air-combat-script","resource\entity\-vehicle\eng\airborne\typhoon_mk1b\wingr2.ply","wingr2.ply",".ply","103323","False"
"air-combat-script","resource\entity\-vehicle\eng\airborne\typhoon_mk1b\wingr2.vol","wingr2.vol",".vol","312","False"
"air-combat-script","resource\entity\-vehicle\eng\btr\m5a1_halftrack\m5a1_halftrack.def","m5a1_halftrack.def",".def","386","True"
"air-combat-script","resource\entity\-vehicle\eng\btr\m5a1_halftrack\m5a1_halftrack.ext","m5a1_halftrack.ext",".ext","1329","True"
"air-combat-script","resource\entity\-vehicle\eng\btr\m5a1_halftrack\m5a1_halftrack.inc","m5a1_halftrack.inc",".inc","4577","True"
"air-combat-script","resource\entity\-vehicle\eng\btr\m5a1_halftrack\m5a1_halftrack.mdl","m5a1_halftrack.mdl",".mdl","28862","True"
"air-combat-script","resource\entity\-vehicle\eng\btr\m5a1_halftrack\m5a1_halftrackai.def","m5a1_halftrackai.def",".def","388","True"
"air-combat-script","resource\entity\-vehicle\eng\btr\m5a1_halftrack\m5a1_halftrackai.inc","m5a1_halftrackai.inc",".inc","4491","True"
"air-combat-script","resource\entity\-vehicle\germany\airborne\bf109_f4old\aileron1.ply","aileron1.ply",".ply","13262","False"
"air-combat-script","resource\entity\-vehicle\germany\airborne\bf109_f4old\aileron1.vol","aileron1.vol",".vol","312","False"
"air-combat-script","resource\entity\-vehicle\germany\airborne\bf109_f4old\aileron2.ply","aileron2.ply",".ply","13262","False"
"air-combat-script","resource\entity\-vehicle\germany\airborne\bf109_f4old\aileron2.vol","aileron2.vol",".vol","312","False"
"air-combat-script","resource\entity\-vehicle\germany\airborne\bf109_f4old\antenna.ply","antenna.ply",".ply","4405","False"
"air-combat-script","resource\entity\-vehicle\germany\airborne\bf109_f4old\bf109f4.mdl","bf109f4.mdl",".mdl","20024","True"
"air-combat-script","resource\entity\-vehicle\germany\airborne\bf109_f4old\bf109f42.mdl","bf109f42.mdl",".mdl","15128","True"
"air-combat-script","resource\entity\-vehicle\germany\airborne\bf109_f4old\bf109_f4_air_combat.def","bf109_f4_air_combat.def",".def","2302","True"
"air-combat-script","resource\entity\-vehicle\germany\airborne\bf109_f4old\bf109_f4_air_combat_ai.def","bf109_f4_air_combat_ai.def",".def","2300","True"
"air-combat-script","resource\entity\-vehicle\germany\airborne\bf109_f4old\bf109_f4_cas.def","bf109_f4_cas.def",".def","2490","True"
"air-combat-script","resource\entity\-vehicle\germany\airborne\bf109_f4old\bf109_f4_cas_ai.def","bf109_f4_cas_ai.def",".def","2489","True"
"air-combat-script","resource\entity\-vehicle\germany\airborne\bf109_f4old\bf109_f4_user.def","bf109_f4_user.def",".def","2707","True"
"air-combat-script","resource\entity\-vehicle\germany\airborne\bf109_f4old\body.mtl","body.mtl",".mtl","206","True"
"air-combat-script","resource\entity\-vehicle\germany\airborne\bf109_f4old\body.ply","body.ply",".ply","221137","False"
"air-combat-script","resource\entity\-vehicle\germany\airborne\bf109_f4old\body1.vol","body1.vol",".vol","416","False"
"air-combat-script","resource\entity\-vehicle\germany\airborne\bf109_f4old\body2.vol","body2.vol",".vol","494","False"
"air-combat-script","resource\entity\-vehicle\germany\airborne\bf109_f4old\body3.vol","body3.vol",".vol","832","False"
"air-combat-script","resource\entity\-vehicle\germany\airborne\bf109_f4old\body4.vol","body4.vol",".vol","260","False"
"air-combat-script","resource\entity\-vehicle\germany\airborne\bf109_f4old\body5.vol","body5.vol",".vol","260","False"
"air-combat-script","resource\entity\-vehicle\germany\airborne\bf109_f4old\body_mesh1.ply","body_mesh1.ply",".ply","5888","False"
"air-combat-script","resource\entity\-vehicle\germany\airborne\bf109_f4old\body_mesh2.ply","body_mesh2.ply",".ply","5726","False"
"air-combat-script","resource\entity\-vehicle\germany\airborne\bf109_f4old\bomb250.mtl","bomb250.mtl",".mtl","147","True"
"air-combat-script","resource\entity\-vehicle\germany\airborne\bf109_f4old\bomb_00.ply","bomb_00.ply",".ply","10432","False"
"air-combat-script","resource\entity\-vehicle\germany\airborne\bf109_f4old\bomb_00_lod1.ply","bomb_00_lod1.ply",".ply","3880","False"
"air-combat-script","resource\entity\-vehicle\germany\airborne\bf109_f4old\canopy.ply","canopy.ply",".ply","26689","False"
"air-combat-script","resource\entity\-vehicle\germany\airborne\bf109_f4old\canopy1.vol","canopy1.vol",".vol","416","False"
"air-combat-script","resource\entity\-vehicle\germany\airborne\bf109_f4old\canopy2.vol","canopy2.vol",".vol","208","False"
"air-combat-script","resource\entity\-vehicle\germany\airborne\bf109_f4old\elevator1.ply","elevator1.ply",".ply","13574","False"
"air-combat-script","resource\entity\-vehicle\germany\airborne\bf109_f4old\elevator1.vol","elevator1.vol",".vol","468","False"
"air-combat-script","resource\entity\-vehicle\germany\airborne\bf109_f4old\elevator2.ply","elevator2.ply",".ply","13190","False"
"air-combat-script","resource\entity\-vehicle\germany\airborne\bf109_f4old\elevator2.vol","elevator2.vol",".vol","468","False"
"air-combat-script","resource\entity\-vehicle\germany\airborne\bf109_f4old\engine1.ply","engine1.ply",".ply","162601","False"
"air-combat-script","resource\entity\-vehicle\germany\airborne\bf109_f4old\engine1.vol","engine1.vol",".vol","1664","False"
"air-combat-script","resource\entity\-vehicle\germany\airborne\bf109_f4old\engine_start.anm","engine_start.anm",".anm","2852","False"
"air-combat-script","resource\entity\-vehicle\germany\airborne\bf109_f4old\engine_stop.anm","engine_stop.anm",".anm","2412","False"
"air-combat-script","resource\entity\-vehicle\germany\airborne\bf109_f4old\engine_work.anm","engine_work.anm",".anm","1978","False"
"air-combat-script","resource\entity\-vehicle\germany\airborne\bf109_f4old\fire.anm","fire.anm",".anm","407","False"
"air-combat-script","resource\entity\-vehicle\germany\airborne\bf109_f4old\flap1.ply","flap1.ply",".ply","7418","False"
"air-combat-script","resource\entity\-vehicle\germany\airborne\bf109_f4old\flap1.vol","flap1.vol",".vol","286","False"
"air-combat-script","resource\entity\-vehicle\germany\airborne\bf109_f4old\flap2.ply","flap2.ply",".ply","7418","False"
"air-combat-script","resource\entity\-vehicle\germany\airborne\bf109_f4old\flap2.vol","flap2.vol",".vol","286","False"
"air-combat-script","resource\entity\-vehicle\germany\airborne\bf109_f4old\fuchong0to-4.anm","fuchong0to-4.anm",".anm","5473","False"
"air-combat-script","resource\entity\-vehicle\germany\airborne\bf109_f4old\geardoor_l1.ply","geardoor_l1.ply",".ply","4670","False"
"air-combat-script","resource\entity\-vehicle\germany\airborne\bf109_f4old\geardoor_l2.ply","geardoor_l2.ply",".ply","1958","False"
"air-combat-script","resource\entity\-vehicle\germany\airborne\bf109_f4old\geardoor_r1.ply","geardoor_r1.ply",".ply","4670","False"
"air-combat-script","resource\entity\-vehicle\germany\airborne\bf109_f4old\geardoor_r2.ply","geardoor_r2.ply",".ply","1958","False"
"air-combat-script","resource\entity\-vehicle\germany\airborne\bf109_f4old\gearshock_l.ply","gearshock_l.ply",".ply","11917","False"
"air-combat-script","resource\entity\-vehicle\germany\airborne\bf109_f4old\gearshock_r.ply","gearshock_r.ply",".ply","11917","False"
"air-combat-script","resource\entity\-vehicle\germany\airborne\bf109_f4old\gear_l.ply","gear_l.ply",".ply","65221","False"
"air-combat-script","resource\entity\-vehicle\germany\airborne\bf109_f4old\gear_r.ply","gear_r.ply",".ply","62725","False"
"air-combat-script","resource\entity\-vehicle\germany\airborne\bf109_f4old\glass.mtl","glass.mtl",".mtl","162","True"
"air-combat-script","resource\entity\-vehicle\germany\airborne\bf109_f4old\glass1.ply","glass1.ply",".ply","3510","False"
"air-combat-script","resource\entity\-vehicle\germany\airborne\bf109_f4old\glass2.ply","glass2.ply",".ply","1830","False"
"air-combat-script","resource\entity\-vehicle\germany\airborne\bf109_f4old\gunsight_mesh.ply","gunsight_mesh.ply",".ply","926","False"
"air-combat-script","resource\entity\-vehicle\germany\airborne\bf109_f4old\hub.ply","hub.ply",".ply","53269","False"
"air-combat-script","resource\entity\-vehicle\germany\airborne\bf109_f4old\lasheng-1to0.anm","lasheng-1to0.anm",".anm","2787","False"
"air-combat-script","resource\entity\-vehicle\germany\airborne\bf109_f4old\lasheng-2to0.anm","lasheng-2to0.anm",".anm","2521","False"
"air-combat-script","resource\entity\-vehicle\germany\airborne\bf109_f4old\light.anm","light.anm",".anm","518","False"
"air-combat-script","resource\entity\-vehicle\germany\airborne\bf109_f4old\open1.anm","open1.anm",".anm","2500","False"
"air-combat-script","resource\entity\-vehicle\germany\airborne\bf109_f4old\prop.mtl","prop.mtl",".mtl","156","True"
"air-combat-script","resource\entity\-vehicle\germany\airborne\bf109_f4old\propeller1.ply","propeller1.ply",".ply","100237","False"
"air-combat-script","resource\entity\-vehicle\germany\airborne\bf109_f4old\propeller1_work.ply","propeller1_work.ply",".ply","1861","False"
"air-combat-script","resource\entity\-vehicle\germany\airborne\bf109_f4old\rudder.ply","rudder.ply",".ply","18685","False"
"air-combat-script","resource\entity\-vehicle\germany\airborne\bf109_f4old\rudder1.vol","rudder1.vol",".vol","416","False"
"air-combat-script","resource\entity\-vehicle\germany\airborne\bf109_f4old\rudder2.vol","rudder2.vol",".vol","156","False"
"air-combat-script","resource\entity\-vehicle\germany\airborne\bf109_f4old\slatl.ply","slatl.ply",".ply","3470","False"
"air-combat-script","resource\entity\-vehicle\germany\airborne\bf109_f4old\slatr.ply","slatr.ply",".ply","3470","False"
"air-combat-script","resource\entity\-vehicle\germany\airborne\bf109_f4old\stabilizer1.ply","stabilizer1.ply",".ply","14582","False"
"air-combat-script","resource\entity\-vehicle\germany\airborne\bf109_f4old\stabilizer1.vol","stabilizer1.vol",".vol","260","False"
"air-combat-script","resource\entity\-vehicle\germany\airborne\bf109_f4old\stabilizer2.vol","stabilizer2.vol",".vol","260","False"
"air-combat-script","resource\entity\-vehicle\germany\airborne\bf109_f4old\steer_back.ply","steer_back.ply",".ply","17785","False"
"air-combat-script","resource\entity\-vehicle\germany\airborne\bf109_f4old\wheelback.ply","wheelback.ply",".ply","30565","False"
"air-combat-script","resource\entity\-vehicle\germany\airborne\bf109_f4old\wheels.anm","wheels.anm",".anm","7277","False"
"air-combat-script","resource\entity\-vehicle\germany\airborne\bf109_f4old\wheel_l.ply","wheel_l.ply",".ply","50581","False"
"air-combat-script","resource\entity\-vehicle\germany\airborne\bf109_f4old\wheel_r.ply","wheel_r.ply",".ply","32629","False"
"air-combat-script","resource\entity\-vehicle\germany\airborne\bf109_f4old\windowknobl.ply","windowknobl.ply",".ply","11029","False"
"air-combat-script","resource\entity\-vehicle\germany\airborne\bf109_f4old\windowknobr.ply","windowknobr.ply",".ply","12181","False"
"air-combat-script","resource\entity\-vehicle\germany\airborne\bf109_f4old\wingl1.ply","wingl1.ply",".ply","49088","False"
"air-combat-script","resource\entity\-vehicle\germany\airborne\bf109_f4old\wingl1.vol","wingl1.vol",".vol","208","False"
"air-combat-script","resource\entity\-vehicle\germany\airborne\bf109_f4old\wingl2.ply","wingl2.ply",".ply","49796","False"
"air-combat-script","resource\entity\-vehicle\germany\airborne\bf109_f4old\wingl2.vol","wingl2.vol",".vol","208","False"
"air-combat-script","resource\entity\-vehicle\germany\airborne\bf109_f4old\wingr1.ply","wingr1.ply",".ply","54632","False"
"air-combat-script","resource\entity\-vehicle\germany\airborne\bf109_f4old\wingr1.vol","wingr1.vol",".vol","208","False"
"air-combat-script","resource\entity\-vehicle\germany\airborne\bf109_f4old\wingr2.ply","wingr2.ply",".ply","46694","False"
"air-combat-script","resource\entity\-vehicle\germany\airborne\bf109_f4old\wingr2.vol","wingr2.vol",".vol","208","False"
"air-combat-script","resource\entity\-vehicle\germany\airborne\bf109_f4old\wingraddoorl.ply","wingraddoorl.ply",".ply","3326","False"
"air-combat-script","resource\entity\-vehicle\germany\airborne\bf109_f4old\wingraddoorr.ply","wingraddoorr.ply",".ply","3326","False"
"air-combat-script","resource\entity\-vehicle\germany\airborne\bf109_f4old\wings.mtl","wings.mtl",".mtl","197","True"
"air-combat-script","resource\entity\-vehicle\germany\airborne\bf110_e2\bf110#4zg26.png","bf110#4zg26.png",".png","4927406","False"
"air-combat-script","resource\entity\-vehicle\germany\airborne\bf110_e2\bf110#winter.png","bf110#winter.png",".png","4453143","False"
"air-combat-script","resource\entity\-vehicle\germany\airborne\bf110_e2\bf110.png","bf110.png",".png","4758665","False"
"air-combat-script","resource\entity\-vehicle\germany\airborne\bf110_e2\bf110e2.mdl","bf110e2.mdl",".mdl","22151","True"
"air-combat-script","resource\entity\-vehicle\germany\airborne\bf110_e2\bf110_e2.def","bf110_e2.def",".def","3161","True"
"air-combat-script","resource\entity\-vehicle\germany\airborne\bf110_e2\bf110_e2_ai.def","bf110_e2_ai.def",".def","2601","True"
"air-combat-script","resource\entity\-vehicle\germany\airborne\bf110_e2\bf110_e2_user.def","bf110_e2_user.def",".def","3233","True"
"air-combat-script","resource\entity\-vehicle\germany\airborne\bf110_e2\blend.mtl","blend.mtl",".mtl","153","True"
"air-combat-script","resource\entity\-vehicle\germany\airborne\bf110_e2\fire.anm","fire.anm",".anm","407","False"
"air-combat-script","resource\entity\-vehicle\germany\btr\sdkfz250a_3\sdkfz250a_3.def","sdkfz250a_3.def",".def","4278","True"
"air-combat-script","resource\entity\-vehicle\germany\btr\sdkfz250a_3\sdkfz250a_3.ext","sdkfz250a_3.ext",".ext","966","True"
"air-combat-script","resource\entity\-vehicle\germany\btr\sdkfz250a_3\sdkfz250a_3.mdl","sdkfz250a_3.mdl",".mdl","23917","True"
"air-combat-script","resource\entity\-vehicle\germany\btr\sdkfz250a_3\sdkfz250a_3ai.def","sdkfz250a_3ai.def",".def","4019","True"
"air-combat-script","resource\entity\-vehicle\germany\tank_light\select\select.def","select.def",".def","333","True"
"air-combat-script","resource\entity\-vehicle\germany\tank_light\select\select.mdl","select.mdl",".mdl","408","True"
"air-combat-script","resource\entity\-vehicle\germany\tank_light\select_human\select_human.def","select_human.def",".def","572","True"
"air-combat-script","resource\entity\-vehicle\germany\tank_light\select_human\select_human.mdl","select_human.mdl",".mdl","408","True"
"air-combat-script","resource\entity\-vehicle\germany\tank_light\select_human1\select_human1.def","select_human1.def",".def","574","True"
"air-combat-script","resource\entity\-vehicle\germany\tank_light\select_human1\select_human1.mdl","select_human1.mdl",".mdl","408","True"
"air-combat-script","resource\entity\-vehicle\usa\airborne\c47_d\c47_d.def","c47_d.def",".def","2589","True"
"air-combat-script","resource\entity\-vehicle\usa\airborne\c47_d\c47_d.mdl","c47_d.mdl",".mdl","22080","True"
"air-combat-script","resource\entity\-vehicle\usa\airborne\c47_d\c47_d_ai.def","c47_d_ai.def",".def","2587","True"
"air-combat-script","resource\entity\-vehicle\usa\airborne\c47_d\fire.anm","fire.anm",".anm","407","False"
"air-combat-script","resource\entity\-vehicle\usa\airborne\p47_d22\fire.anm","fire.anm",".anm","407","False"
"air-combat-script","resource\entity\-vehicle\usa\airborne\p47_d22\flare_tail_red.def","flare_tail_red.def",".def","3187","True"
"air-combat-script","resource\entity\-vehicle\usa\airborne\p47_d22\fuchong0to-4.anm","fuchong0to-4.anm",".anm","5473","False"
"air-combat-script","resource\entity\-vehicle\usa\airborne\p47_d22\glass.mtl","glass.mtl",".mtl","140","True"
"air-combat-script","resource\entity\-vehicle\usa\airborne\p47_d22\lamp_light_spot1.ply","lamp_light_spot1.ply",".ply","8189","False"
"air-combat-script","resource\entity\-vehicle\usa\airborne\p47_d22\lasheng-1to0.anm","lasheng-1to0.anm",".anm","2787","False"
"air-combat-script","resource\entity\-vehicle\usa\airborne\p47_d22\lasheng-2to0.anm","lasheng-2to0.anm",".anm","2521","False"
"air-combat-script","resource\entity\-vehicle\usa\airborne\p47_d22\light.anm","light.anm",".anm","518","False"
"air-combat-script","resource\entity\-vehicle\usa\airborne\p47_d22\mat_sw34.mtl","mat_sw34.mtl",".mtl","194","True"
"air-combat-script","resource\entity\-vehicle\usa\airborne\p47_d22\p47d22.mdl","p47d22.mdl",".mdl","21325","True"
"air-combat-script","resource\entity\-vehicle\usa\airborne\p47_d22\p47_d22.def","p47_d22.def",".def","2092","True"
"air-combat-script","resource\entity\-vehicle\usa\airborne\p47_d22\p47_d22_air_combat.def","p47_d22_air_combat.def",".def","2280","True"
"air-combat-script","resource\entity\-vehicle\usa\airborne\p47_d22\p47_d22_air_combat_ai.def","p47_d22_air_combat_ai.def",".def","2010","True"
"air-combat-script","resource\entity\-vehicle\usa\airborne\p47_d22\p47_d22_cas.def","p47_d22_cas.def",".def","2450","True"
"air-combat-script","resource\entity\-vehicle\usa\airborne\p47_d22\p47_d22_cas_ai.def","p47_d22_cas_ai.def",".def","2250","True"
"air-combat-script","resource\entity\-vehicle\usa\airborne\p47_d22\p47_d22_combat.mdl","p47_d22_combat.mdl",".mdl","21422","True"
"air-combat-script","resource\entity\-vehicle\usa\airborne\p47_d22\p47_d22_user.def","p47_d22_user.def",".def","2445","True"
"air-combat-script","resource\entity\-vehicle\usa\btr\m3a1_commander\m3a1_commander.def","m3a1_commander.def",".def","4368","True"
"air-combat-script","resource\entity\-vehicle\usa\btr\m3a1_commander\m3a1_commander.ext","m3a1_commander.ext",".ext","975","True"
"air-combat-script","resource\entity\-vehicle\usa\btr\m3a1_commander\m3a1_commander.mdl","m3a1_commander.mdl",".mdl","24089","True"
"air-combat-script","resource\entity\-vehicle\usa\btr\m3a1_commander\m3a1_commanderai.def","m3a1_commanderai.def",".def","4105","True"
"air-combat-script","resource\entity\-vehicle\ussr\airborne\il2_mod42\fire.anm","fire.anm",".anm","407","False"
"air-combat-script","resource\entity\-vehicle\ussr\airborne\il2_mod42\fuchong0to-4.anm","fuchong0to-4.anm",".anm","5473","False"
"air-combat-script","resource\entity\-vehicle\ussr\airborne\il2_mod42\glass_cockpit.mtl","glass_cockpit.mtl",".mtl","170","True"
"air-combat-script","resource\entity\-vehicle\ussr\airborne\il2_mod42\il2mod42.mdl","il2mod42.mdl",".mdl","20235","True"
"air-combat-script","resource\entity\-vehicle\ussr\airborne\il2_mod42\il2_mod42.def","il2_mod42.def",".def","2550","True"
"air-combat-script","resource\entity\-vehicle\ussr\airborne\il2_mod42\il2_mod42_air_combat.def","il2_mod42_air_combat.def",".def","2574","True"
"air-combat-script","resource\entity\-vehicle\ussr\airborne\il2_mod42\il2_mod42_cas.def","il2_mod42_cas.def",".def","2517","True"
"air-combat-script","resource\entity\-vehicle\ussr\airborne\il2_mod42\il2_mod42_cas_ai.def","il2_mod42_cas_ai.def",".def","2323","True"
"air-combat-script","resource\entity\-vehicle\ussr\airborne\il2_mod42\il2_mod42_user.def","il2_mod42_user.def",".def","3004","True"
"air-combat-script","resource\entity\-vehicle\ussr\airborne\il2_mod42\lasheng-1to0.anm","lasheng-1to0.anm",".anm","2787","False"
"air-combat-script","resource\entity\-vehicle\ussr\airborne\il2_mod42\lasheng-2to0.anm","lasheng-2to0.anm",".anm","2521","False"
"air-combat-script","resource\entity\-vehicle\ussr\airborne\il2_mod42\light.anm","light.anm",".anm","518","False"
"air-combat-script","resource\entity\-vehicle\ussr\airborne\po2\fire.anm","fire.anm",".anm","407","False"
"air-combat-script","resource\entity\-vehicle\ussr\airborne\po2\po2dsk.def","po2dsk.def",".def","3641","True"
"air-combat-script","resource\entity\-vehicle\ussr\airborne\po2\po2dsk.mdl","po2dsk.mdl",".mdl","15461","True"
"air-combat-script","resource\entity\-vehicle\ussr\airborne\po2\po2dskai.def","po2dskai.def",".def","3646","True"
"air-combat-script","resource\entity\-vehicle\ussr\airborne\yak1_ser69\fire.anm","fire.anm",".anm","407","False"
"air-combat-script","resource\entity\-vehicle\ussr\airborne\yak1_ser69\glass.mtl","glass.mtl",".mtl","122","True"
"air-combat-script","resource\entity\-vehicle\ussr\airborne\yak1_ser69\yak1ser69.mdl","yak1ser69.mdl",".mdl","13452","True"
"air-combat-script","resource\entity\-vehicle\ussr\airborne\yak1_ser69\yak1_ser69combat.def","yak1_ser69combat.def",".def","2278","True"
"air-combat-script","resource\entity\-vehicle\ussr\airborne\yak1_ser69\yak1_ser69combat_ai.def","yak1_ser69combat_ai.def",".def","2275","True"
"air-combat-script","resource\entity\-vehicle\ussr\btr\ba20_command\ba20_command.def","ba20_command.def",".def","2453","True"
"air-combat-script","resource\entity\-vehicle\ussr\btr\ba20_command\ba20_command.ext","ba20_command.ext",".ext","886","True"
"air-combat-script","resource\entity\-vehicle\ussr\btr\ba20_command\ba20_command.mdl","ba20_command.mdl",".mdl","14252","True"
"air-combat-script","resource\entity\-vehicle\ussr\btr\ba20_command\ba20_commandai.def","ba20_commandai.def",".def","2193","True"
"air-combat-script","resource\entity\humanskin\human\human.dds","human.dds",".dds","43832","False"
"air-combat-script","resource\entity\humanskin\human\human.def","human.def",".def","713","True"
"air-combat-script","resource\entity\humanskin\human\human.mdl","human.mdl",".mdl","10004","True"
"air-combat-script","resource\entity\humanskin\human\material1.mtl","material1.mtl",".mtl","51","True"
"air-combat-script","resource\entity\humanskin\human\skin.ply","skin.ply",".ply","47634","False"
"air-combat-script","resource\entity\inventory\-ammo\-bomb\sc_50\sc_250_ic.def","sc_250_ic.def",".def","155","True"
"air-combat-script","resource\entity\inventory\-ammo\-bomb\sc_50\sc_50_ic.def","sc_50_ic.def",".def","154","True"
"air-combat-script","resource\interface\scene\minimap\kongxi.ebm","kongxi.ebm",".ebm","48","True"
"air-combat-script","resource\interface\scene\minimap\kongxi.png","kongxi.png",".png","200332","False"
"air-combat-script","resource\interface\scene\minimap\kongxi.tga","kongxi.tga",".tga","2102","False"
"air-combat-script","resource\interface\scene\minimap\minimap.set","minimap.set",".set","5381","True"
"air-combat-script","resource\interface\scene\minimap\select.ebm","select.ebm",".ebm","46","True"
"air-combat-script","resource\interface\scene\minimap\select.tga","select.tga",".tga","164","False"
"air-combat-script","resource\interface\scene\minimap\selectground.ebm","selectground.ebm",".ebm","52","True"
"air-combat-script","resource\interface\scene\minimap\selectground.tga","selectground.tga",".tga","716","False"
"air-combat-script","resource\interface\scene\minimap\select_human.ebm","select_human.ebm",".ebm","52","True"
"air-combat-script","resource\interface\scene\minimap\select_human.tga","select_human.tga",".tga","164","False"
"air-combat-script","resource\interface\scene\minimap\select_human1.ebm","select_human1.ebm",".ebm","53","True"
"air-combat-script","resource\interface\scene\minimap\select_human1.tga","select_human1.tga",".tga","164","False"
"air-combat-script","resource\interface\scene\portrait_squad\bf109_f4_air_combat_00.tga","bf109_f4_air_combat_00.tga",".tga","62764","False"
"air-combat-script","resource\interface\scene\portrait_squad\bf109_f4_air_combat_01.tga","bf109_f4_air_combat_01.tga",".tga","62764","False"
"air-combat-script","resource\interface\scene\portrait_squad\bf109_f4_air_combat_02.tga","bf109_f4_air_combat_02.tga",".tga","62764","False"
"air-combat-script","resource\interface\scene\portrait_squad\bf109_f4_air_combat_03.tga","bf109_f4_air_combat_03.tga",".tga","62764","False"
"air-combat-script","resource\interface\scene\portrait_squad\bf109_f4_cas_00.tga","bf109_f4_cas_00.tga",".tga","62764","False"
"air-combat-script","resource\interface\scene\portrait_squad\bf109_f4_cas_01.tga","bf109_f4_cas_01.tga",".tga","62764","False"
"air-combat-script","resource\interface\scene\portrait_squad\bf109_f4_cas_02.tga","bf109_f4_cas_02.tga",".tga","62764","False"
"air-combat-script","resource\interface\scene\portrait_squad\bf109_f4_cas_03.tga","bf109_f4_cas_03.tga",".tga","62764","False"
"air-combat-script","resource\interface\scene\portrait_squad\bf110_e2_ai_00.png","bf110_e2_ai_00.png",".png","65647","False"
"air-combat-script","resource\interface\scene\portrait_squad\bf110_e2_ai_01.png","bf110_e2_ai_01.png",".png","65647","False"
"air-combat-script","resource\interface\scene\portrait_squad\bf110_e2_ai_02.png","bf110_e2_ai_02.png",".png","65647","False"
"air-combat-script","resource\interface\scene\portrait_squad\bf110_e2_ai_03.png","bf110_e2_ai_03.png",".png","65647","False"
"air-combat-script","resource\interface\scene\portrait_squad\blenheim_mk1_eng_ai_00.tga","blenheim_mk1_eng_ai_00.tga",".tga","62764","False"
"air-combat-script","resource\interface\scene\portrait_squad\blenheim_mk1_eng_ai_01.tga","blenheim_mk1_eng_ai_01.tga",".tga","62764","False"
"air-combat-script","resource\interface\scene\portrait_squad\blenheim_mk1_eng_ai_02.tga","blenheim_mk1_eng_ai_02.tga",".tga","62764","False"
"air-combat-script","resource\interface\scene\portrait_squad\blenheim_mk1_eng_ai_03.tga","blenheim_mk1_eng_ai_03.tga",".tga","62764","False"
"air-combat-script","resource\interface\scene\portrait_squad\hurribomber_mk2c_air_combat_00.tga","hurribomber_mk2c_air_combat_00.tga",".tga","62764","False"
"air-combat-script","resource\interface\scene\portrait_squad\hurribomber_mk2c_air_combat_01.tga","hurribomber_mk2c_air_combat_01.tga",".tga","62764","False"
"air-combat-script","resource\interface\scene\portrait_squad\hurribomber_mk2c_air_combat_02.tga","hurribomber_mk2c_air_combat_02.tga",".tga","62764","False"
"air-combat-script","resource\interface\scene\portrait_squad\hurribomber_mk2c_air_combat_03.tga","hurribomber_mk2c_air_combat_03.tga",".tga","62764","False"
"air-combat-script","resource\interface\scene\portrait_squad\hurribomber_mk2c_cas_00.tga","hurribomber_mk2c_cas_00.tga",".tga","62764","False"
"air-combat-script","resource\interface\scene\portrait_squad\hurribomber_mk2c_cas_01.tga","hurribomber_mk2c_cas_01.tga",".tga","62764","False"
"air-combat-script","resource\interface\scene\portrait_squad\hurribomber_mk2c_cas_02.tga","hurribomber_mk2c_cas_02.tga",".tga","62764","False"
"air-combat-script","resource\interface\scene\portrait_squad\hurribomber_mk2c_cas_03.tga","hurribomber_mk2c_cas_03.tga",".tga","62764","False"
"air-combat-script","resource\interface\scene\portrait_squad\il2_mod42_air_combat_00.png","il2_mod42_air_combat_00.png",".png","65647","False"
"air-combat-script","resource\interface\scene\portrait_squad\il2_mod42_air_combat_01.png","il2_mod42_air_combat_01.png",".png","65647","False"
"air-combat-script","resource\interface\scene\portrait_squad\il2_mod42_air_combat_02.png","il2_mod42_air_combat_02.png",".png","65647","False"
"air-combat-script","resource\interface\scene\portrait_squad\il2_mod42_air_combat_03.png","il2_mod42_air_combat_03.png",".png","65647","False"
"air-combat-script","resource\interface\scene\portrait_squad\il2_mod42_cas_00.png","il2_mod42_cas_00.png",".png","65647","False"
"air-combat-script","resource\interface\scene\portrait_squad\il2_mod42_cas_01.png","il2_mod42_cas_01.png",".png","65647","False"
"air-combat-script","resource\interface\scene\portrait_squad\il2_mod42_cas_02.png","il2_mod42_cas_02.png",".png","65647","False"
"air-combat-script","resource\interface\scene\portrait_squad\il2_mod42_cas_03.png","il2_mod42_cas_03.png",".png","65647","False"
"air-combat-script","resource\interface\scene\portrait_squad\p47_d22_air_combat_00.tga","p47_d22_air_combat_00.tga",".tga","62764","False"
"air-combat-script","resource\interface\scene\portrait_squad\p47_d22_air_combat_01.tga","p47_d22_air_combat_01.tga",".tga","62764","False"
"air-combat-script","resource\interface\scene\portrait_squad\p47_d22_air_combat_02.tga","p47_d22_air_combat_02.tga",".tga","62764","False"
"air-combat-script","resource\interface\scene\portrait_squad\p47_d22_air_combat_03.tga","p47_d22_air_combat_03.tga",".tga","62764","False"
"air-combat-script","resource\interface\scene\portrait_squad\p47_d22_cas_00.tga","p47_d22_cas_00.tga",".tga","62764","False"
"air-combat-script","resource\interface\scene\portrait_squad\p47_d22_cas_01.tga","p47_d22_cas_01.tga",".tga","62764","False"
"air-combat-script","resource\interface\scene\portrait_squad\p47_d22_cas_02.tga","p47_d22_cas_02.tga",".tga","62764","False"
"air-combat-script","resource\interface\scene\portrait_squad\p47_d22_cas_03.tga","p47_d22_cas_03.tga",".tga","62764","False"
"air-combat-script","resource\interface\scene\portrait_squad\po2dsk_00.tga","po2dsk_00.tga",".tga","62764","False"
"air-combat-script","resource\interface\scene\portrait_squad\po2dsk_01.tga","po2dsk_01.tga",".tga","62764","False"
"air-combat-script","resource\interface\scene\portrait_squad\po2dsk_02.tga","po2dsk_02.tga",".tga","62764","False"
"air-combat-script","resource\interface\scene\portrait_squad\po2dsk_03.tga","po2dsk_03.tga",".tga","62764","False"
"air-combat-script","resource\interface\scene\portrait_squad\yak1_ser69combat_00.tga","yak1_ser69combat_00.tga",".tga","62764","False"
"air-combat-script","resource\interface\scene\portrait_squad\yak1_ser69combat_01.tga","yak1_ser69combat_01.tga",".tga","62764","False"
"air-combat-script","resource\interface\scene\portrait_squad\yak1_ser69combat_02.tga","yak1_ser69combat_02.tga",".tga","62764","False"
"air-combat-script","resource\interface\scene\portrait_squad\yak1_ser69combat_03.tga","yak1_ser69combat_03.tga",".tga","62764","False"
"air-combat-script","resource\interface\scene\unit_icon\bf109_f4_air_combat_00.tga","bf109_f4_air_combat_00.tga",".tga","41516","False"
"air-combat-script","resource\interface\scene\unit_icon\bf109_f4_air_combat_01.tga","bf109_f4_air_combat_01.tga",".tga","41516","False"
"air-combat-script","resource\interface\scene\unit_icon\bf109_f4_air_combat_02.tga","bf109_f4_air_combat_02.tga",".tga","41516","False"
"air-combat-script","resource\interface\scene\unit_icon\bf109_f4_air_combat_03.tga","bf109_f4_air_combat_03.tga",".tga","41516","False"
"air-combat-script","resource\interface\scene\unit_icon\bf109_f4_ai_00.tga","bf109_f4_ai_00.tga",".tga","41516","False"
"air-combat-script","resource\interface\scene\unit_icon\bf109_f4_ai_01.tga","bf109_f4_ai_01.tga",".tga","41516","False"
"air-combat-script","resource\interface\scene\unit_icon\bf109_f4_ai_02.tga","bf109_f4_ai_02.tga",".tga","41516","False"
"air-combat-script","resource\interface\scene\unit_icon\bf109_f4_ai_03.tga","bf109_f4_ai_03.tga",".tga","41516","False"
"air-combat-script","resource\interface\scene\unit_icon\bf110_e2_ai_00.tga","bf110_e2_ai_00.tga",".tga","41516","False"
"air-combat-script","resource\interface\scene\unit_icon\bf110_e2_ai_01.tga","bf110_e2_ai_01.tga",".tga","41516","False"
"air-combat-script","resource\interface\scene\unit_icon\bf110_e2_ai_02.tga","bf110_e2_ai_02.tga",".tga","41516","False"
"air-combat-script","resource\interface\scene\unit_icon\bf110_e2_ai_03.tga","bf110_e2_ai_03.tga",".tga","41516","False"
"air-combat-script","resource\interface\scene\unit_icon\blenheim_mk1_eng_ai_00.tga","blenheim_mk1_eng_ai_00.tga",".tga","41516","False"
"air-combat-script","resource\interface\scene\unit_icon\blenheim_mk1_eng_ai_01.tga","blenheim_mk1_eng_ai_01.tga",".tga","41516","False"
"air-combat-script","resource\interface\scene\unit_icon\blenheim_mk1_eng_ai_02.tga","blenheim_mk1_eng_ai_02.tga",".tga","41516","False"
"air-combat-script","resource\interface\scene\unit_icon\blenheim_mk1_eng_ai_03.tga","blenheim_mk1_eng_ai_03.tga",".tga","41516","False"
"air-combat-script","resource\interface\scene\unit_icon\doctrine_bf109_f4_air_combat.ebm","doctrine_bf109_f4_air_combat.ebm",".ebm","178","True"
"air-combat-script","resource\interface\scene\unit_icon\doctrine_bf109_f4_cas.ebm","doctrine_bf109_f4_cas.ebm",".ebm","146","True"
"air-combat-script","resource\interface\scene\unit_icon\doctrine_bf110_e2_ai.ebm","doctrine_bf110_e2_ai.ebm",".ebm","134","True"
"air-combat-script","resource\interface\scene\unit_icon\doctrine_blenheim_mk1_eng_ai.ebm","doctrine_blenheim_mk1_eng_ai.ebm",".ebm","178","True"
"air-combat-script","resource\interface\scene\unit_icon\doctrine_hurribomber_mk2c_air_combat.ebm","doctrine_hurribomber_mk2c_air_combat.ebm",".ebm","210","True"
"air-combat-script","resource\interface\scene\unit_icon\doctrine_hurribomber_mk2c_cas.ebm","doctrine_hurribomber_mk2c_cas.ebm",".ebm","178","True"
"air-combat-script","resource\interface\scene\unit_icon\doctrine_il2_mod42_air_combat.ebm","doctrine_il2_mod42_air_combat.ebm",".ebm","182","True"
"air-combat-script","resource\interface\scene\unit_icon\doctrine_il2_mod42_cas.ebm","doctrine_il2_mod42_cas.ebm",".ebm","150","True"
"air-combat-script","resource\interface\scene\unit_icon\doctrine_p47_d22_air_combat.ebm","doctrine_p47_d22_air_combat.ebm",".ebm","174","True"
"air-combat-script","resource\interface\scene\unit_icon\doctrine_p47_d22_cas.ebm","doctrine_p47_d22_cas.ebm",".ebm","142","True"
"air-combat-script","resource\interface\scene\unit_icon\doctrine_po2dsk.ebm","doctrine_po2dsk.ebm",".ebm","114","True"
"air-combat-script","resource\interface\scene\unit_icon\doctrine_yak1_ser69combat.ebm","doctrine_yak1_ser69combat.ebm",".ebm","142","True"
"air-combat-script","resource\interface\scene\unit_icon\hurribomber_mk2c_air_combat_00.tga","hurribomber_mk2c_air_combat_00.tga",".tga","41516","False"
"air-combat-script","resource\interface\scene\unit_icon\hurribomber_mk2c_air_combat_01.tga","hurribomber_mk2c_air_combat_01.tga",".tga","41516","False"
"air-combat-script","resource\interface\scene\unit_icon\hurribomber_mk2c_air_combat_02.tga","hurribomber_mk2c_air_combat_02.tga",".tga","41516","False"
"air-combat-script","resource\interface\scene\unit_icon\hurribomber_mk2c_air_combat_03.tga","hurribomber_mk2c_air_combat_03.tga",".tga","41516","False"
"air-combat-script","resource\interface\scene\unit_icon\hurribomber_mk2c_ai_00.tga","hurribomber_mk2c_ai_00.tga",".tga","41516","False"
"air-combat-script","resource\interface\scene\unit_icon\hurribomber_mk2c_ai_01.tga","hurribomber_mk2c_ai_01.tga",".tga","41516","False"
"air-combat-script","resource\interface\scene\unit_icon\hurribomber_mk2c_ai_02.tga","hurribomber_mk2c_ai_02.tga",".tga","41516","False"
"air-combat-script","resource\interface\scene\unit_icon\hurribomber_mk2c_ai_03.tga","hurribomber_mk2c_ai_03.tga",".tga","41516","False"
"air-combat-script","resource\interface\scene\unit_icon\il2_mod42_air_combat_00.tga","il2_mod42_air_combat_00.tga",".tga","41516","False"
"air-combat-script","resource\interface\scene\unit_icon\il2_mod42_air_combat_01.tga","il2_mod42_air_combat_01.tga",".tga","41516","False"
"air-combat-script","resource\interface\scene\unit_icon\il2_mod42_air_combat_02.tga","il2_mod42_air_combat_02.tga",".tga","41516","False"
"air-combat-script","resource\interface\scene\unit_icon\il2_mod42_air_combat_03.tga","il2_mod42_air_combat_03.tga",".tga","41516","False"
"air-combat-script","resource\interface\scene\unit_icon\il2_mod42_ai_00.tga","il2_mod42_ai_00.tga",".tga","41516","False"
"air-combat-script","resource\interface\scene\unit_icon\il2_mod42_ai_01.tga","il2_mod42_ai_01.tga",".tga","41516","False"
"air-combat-script","resource\interface\scene\unit_icon\il2_mod42_ai_02.tga","il2_mod42_ai_02.tga",".tga","41516","False"
"air-combat-script","resource\interface\scene\unit_icon\il2_mod42_ai_03.tga","il2_mod42_ai_03.tga",".tga","41516","False"
"air-combat-script","resource\interface\scene\unit_icon\p47_d22_air_combat_00.tga","p47_d22_air_combat_00.tga",".tga","41516","False"
"air-combat-script","resource\interface\scene\unit_icon\p47_d22_air_combat_01.tga","p47_d22_air_combat_01.tga",".tga","41516","False"
"air-combat-script","resource\interface\scene\unit_icon\p47_d22_air_combat_02.tga","p47_d22_air_combat_02.tga",".tga","41516","False"
"air-combat-script","resource\interface\scene\unit_icon\p47_d22_air_combat_03.tga","p47_d22_air_combat_03.tga",".tga","41516","False"
"air-combat-script","resource\interface\scene\unit_icon\p47_d22_ai_00.tga","p47_d22_ai_00.tga",".tga","41516","False"
"air-combat-script","resource\interface\scene\unit_icon\p47_d22_ai_01.tga","p47_d22_ai_01.tga",".tga","41516","False"
"air-combat-script","resource\interface\scene\unit_icon\p47_d22_ai_02.tga","p47_d22_ai_02.tga",".tga","41516","False"
"air-combat-script","resource\interface\scene\unit_icon\p47_d22_ai_03.tga","p47_d22_ai_03.tga",".tga","41516","False"
"air-combat-script","resource\interface\scene\unit_icon\po2dsk_00.tga","po2dsk_00.tga",".tga","41516","False"
"air-combat-script","resource\interface\scene\unit_icon\po2dsk_01.tga","po2dsk_01.tga",".tga","41516","False"
"air-combat-script","resource\interface\scene\unit_icon\po2dsk_02.tga","po2dsk_02.tga",".tga","41516","False"
"air-combat-script","resource\interface\scene\unit_icon\po2dsk_03.tga","po2dsk_03.tga",".tga","41516","False"
"air-combat-script","resource\interface\scene\unit_icon\yak1_ser69combat_00.tga","yak1_ser69combat_00.tga",".tga","41516","False"
"air-combat-script","resource\interface\scene\unit_icon\yak1_ser69combat_01.tga","yak1_ser69combat_01.tga",".tga","41516","False"
"air-combat-script","resource\interface\scene\unit_icon\yak1_ser69combat_02.tga","yak1_ser69combat_02.tga",".tga","41516","False"
"air-combat-script","resource\interface\scene\unit_icon\yak1_ser69combat_03.tga","yak1_ser69combat_03.tga",".tga","41516","False"
"air-combat-script","resource\interface\scene\unit_icon_small\bf109_f4_air_combat_00.tga","bf109_f4_air_combat_00.tga",".tga","18580","False"
"air-combat-script","resource\interface\scene\unit_icon_small\bf109_f4_air_combat_01.tga","bf109_f4_air_combat_01.tga",".tga","18648","False"
"air-combat-script","resource\interface\scene\unit_icon_small\bf109_f4_air_combat_02.tga","bf109_f4_air_combat_02.tga",".tga","18702","False"
"air-combat-script","resource\interface\scene\unit_icon_small\bf109_f4_air_combat_03.tga","bf109_f4_air_combat_03.tga",".tga","17882","False"
"air-combat-script","resource\interface\scene\unit_icon_small\bf109_f4_cas_00.tga","bf109_f4_cas_00.tga",".tga","21548","False"
"air-combat-script","resource\interface\scene\unit_icon_small\bf109_f4_cas_01.tga","bf109_f4_cas_01.tga",".tga","21548","False"
"air-combat-script","resource\interface\scene\unit_icon_small\bf109_f4_cas_02.tga","bf109_f4_cas_02.tga",".tga","21548","False"
"air-combat-script","resource\interface\scene\unit_icon_small\bf109_f4_cas_03.tga","bf109_f4_cas_03.tga",".tga","21548","False"
"air-combat-script","resource\interface\scene\unit_icon_small\bf110_e2_ai_00.tga","bf110_e2_ai_00.tga",".tga","21548","False"
"air-combat-script","resource\interface\scene\unit_icon_small\bf110_e2_ai_01.tga","bf110_e2_ai_01.tga",".tga","21548","False"
"air-combat-script","resource\interface\scene\unit_icon_small\bf110_e2_ai_02.tga","bf110_e2_ai_02.tga",".tga","21548","False"
"air-combat-script","resource\interface\scene\unit_icon_small\bf110_e2_ai_03.tga","bf110_e2_ai_03.tga",".tga","21548","False"
"air-combat-script","resource\interface\scene\unit_icon_small\blenheim_mk1_eng_ai_00.tga","blenheim_mk1_eng_ai_00.tga",".tga","21548","False"
"air-combat-script","resource\interface\scene\unit_icon_small\blenheim_mk1_eng_ai_01.tga","blenheim_mk1_eng_ai_01.tga",".tga","21548","False"
"air-combat-script","resource\interface\scene\unit_icon_small\blenheim_mk1_eng_ai_02.tga","blenheim_mk1_eng_ai_02.tga",".tga","21548","False"
"air-combat-script","resource\interface\scene\unit_icon_small\blenheim_mk1_eng_ai_03.tga","blenheim_mk1_eng_ai_03.tga",".tga","21548","False"
"air-combat-script","resource\interface\scene\unit_icon_small\doctrine_bf109_f4_air_combat.ebm","doctrine_bf109_f4_air_combat.ebm",".ebm","178","True"
"air-combat-script","resource\interface\scene\unit_icon_small\doctrine_bf109_f4_cas.ebm","doctrine_bf109_f4_cas.ebm",".ebm","146","True"
"air-combat-script","resource\interface\scene\unit_icon_small\doctrine_bf110_e2_ai.ebm","doctrine_bf110_e2_ai.ebm",".ebm","134","True"
"air-combat-script","resource\interface\scene\unit_icon_small\doctrine_blenheim_mk1_eng_ai.ebm","doctrine_blenheim_mk1_eng_ai.ebm",".ebm","150","True"
"air-combat-script","resource\interface\scene\unit_icon_small\doctrine_hurribomber_mk2c_air_combat.ebm","doctrine_hurribomber_mk2c_air_combat.ebm",".ebm","210","True"
"air-combat-script","resource\interface\scene\unit_icon_small\doctrine_hurribomber_mk2c_cas.ebm","doctrine_hurribomber_mk2c_cas.ebm",".ebm","178","True"
"air-combat-script","resource\interface\scene\unit_icon_small\doctrine_il2_mod42_air_combat.ebm","doctrine_il2_mod42_air_combat.ebm",".ebm","138","True"
"air-combat-script","resource\interface\scene\unit_icon_small\doctrine_il2_mod42_cas.ebm","doctrine_il2_mod42_cas.ebm",".ebm","138","True"
"air-combat-script","resource\interface\scene\unit_icon_small\doctrine_p47_d22_air_combat.ebm","doctrine_p47_d22_air_combat.ebm",".ebm","130","True"
"air-combat-script","resource\interface\scene\unit_icon_small\doctrine_p47_d22_cas.ebm","doctrine_p47_d22_cas.ebm",".ebm","130","True"
"air-combat-script","resource\interface\scene\unit_icon_small\doctrine_po2dsk.ebm","doctrine_po2dsk.ebm",".ebm","114","True"
"air-combat-script","resource\interface\scene\unit_icon_small\doctrine_yak1_ser69combat.ebm","doctrine_yak1_ser69combat.ebm",".ebm","118","True"
"air-combat-script","resource\interface\scene\unit_icon_small\hurribomber_mk2c_air_combat_00.tga","hurribomber_mk2c_air_combat_00.tga",".tga","18539","False"
"air-combat-script","resource\interface\scene\unit_icon_small\hurribomber_mk2c_air_combat_01.tga","hurribomber_mk2c_air_combat_01.tga",".tga","18630","False"
"air-combat-script","resource\interface\scene\unit_icon_small\hurribomber_mk2c_air_combat_02.tga","hurribomber_mk2c_air_combat_02.tga",".tga","18596","False"
"air-combat-script","resource\interface\scene\unit_icon_small\hurribomber_mk2c_air_combat_03.clip","hurribomber_mk2c_air_combat_03.clip",".clip","211805","False"
"air-combat-script","resource\interface\scene\unit_icon_small\hurribomber_mk2c_air_combat_03.tga","hurribomber_mk2c_air_combat_03.tga",".tga","18403","False"
"air-combat-script","resource\interface\scene\unit_icon_small\hurribomber_mk2c_cas_00.tga","hurribomber_mk2c_cas_00.tga",".tga","21548","False"
"air-combat-script","resource\interface\scene\unit_icon_small\hurribomber_mk2c_cas_01.tga","hurribomber_mk2c_cas_01.tga",".tga","21548","False"
"air-combat-script","resource\interface\scene\unit_icon_small\hurribomber_mk2c_cas_02.tga","hurribomber_mk2c_cas_02.tga",".tga","21548","False"
"air-combat-script","resource\interface\scene\unit_icon_small\hurribomber_mk2c_cas_03.tga","hurribomber_mk2c_cas_03.tga",".tga","21548","False"
"air-combat-script","resource\interface\scene\unit_icon_small\hurricane_mk1a_00.tga","hurricane_mk1a_00.tga",".tga","18518","False"
"air-combat-script","resource\interface\scene\unit_icon_small\hurricane_mk1a_01.tga","hurricane_mk1a_01.tga",".tga","18601","False"
"air-combat-script","resource\interface\scene\unit_icon_small\hurricane_mk1a_02.tga","hurricane_mk1a_02.tga",".tga","18533","False"
"air-combat-script","resource\interface\scene\unit_icon_small\il2_mod42_air_combat_00.tga","il2_mod42_air_combat_00.tga",".tga","18550","False"
"air-combat-script","resource\interface\scene\unit_icon_small\il2_mod42_air_combat_01.tga","il2_mod42_air_combat_01.tga",".tga","18588","False"
"air-combat-script","resource\interface\scene\unit_icon_small\il2_mod42_air_combat_02.tga","il2_mod42_air_combat_02.tga",".tga","18575","False"
"air-combat-script","resource\interface\scene\unit_icon_small\il2_mod42_air_combat_03.tga","il2_mod42_air_combat_03.tga",".tga","18375","False"
"air-combat-script","resource\interface\scene\unit_icon_small\il2_mod42_cas_00.tga","il2_mod42_cas_00.tga",".tga","21548","False"
"air-combat-script","resource\interface\scene\unit_icon_small\il2_mod42_cas_01.tga","il2_mod42_cas_01.tga",".tga","21548","False"
"air-combat-script","resource\interface\scene\unit_icon_small\il2_mod42_cas_02.tga","il2_mod42_cas_02.tga",".tga","21548","False"
"air-combat-script","resource\interface\scene\unit_icon_small\il2_mod42_cas_03.tga","il2_mod42_cas_03.tga",".tga","21548","False"
"air-combat-script","resource\interface\scene\unit_icon_small\p47_d22_air_combat_00.tga","p47_d22_air_combat_00.tga",".tga","18636","False"
"air-combat-script","resource\interface\scene\unit_icon_small\p47_d22_air_combat_01.tga","p47_d22_air_combat_01.tga",".tga","18661","False"
"air-combat-script","resource\interface\scene\unit_icon_small\p47_d22_air_combat_02.tga","p47_d22_air_combat_02.tga",".tga","18655","False"
"air-combat-script","resource\interface\scene\unit_icon_small\p47_d22_air_combat_03.tga","p47_d22_air_combat_03.tga",".tga","18429","False"
"air-combat-script","resource\interface\scene\unit_icon_small\p47_d22_cas_00.tga","p47_d22_cas_00.tga",".tga","21548","False"
"air-combat-script","resource\interface\scene\unit_icon_small\p47_d22_cas_01.tga","p47_d22_cas_01.tga",".tga","21548","False"
"air-combat-script","resource\interface\scene\unit_icon_small\p47_d22_cas_02.tga","p47_d22_cas_02.tga",".tga","21548","False"
"air-combat-script","resource\interface\scene\unit_icon_small\p47_d22_cas_03.tga","p47_d22_cas_03.tga",".tga","21548","False"
"air-combat-script","resource\interface\scene\unit_icon_small\po2dsk_00.tga","po2dsk_00.tga",".tga","21548","False"
"air-combat-script","resource\interface\scene\unit_icon_small\po2dsk_01.tga","po2dsk_01.tga",".tga","21548","False"
"air-combat-script","resource\interface\scene\unit_icon_small\po2dsk_02.tga","po2dsk_02.tga",".tga","21548","False"
"air-combat-script","resource\interface\scene\unit_icon_small\po2dsk_03.tga","po2dsk_03.tga",".tga","21548","False"
"air-combat-script","resource\interface\scene\unit_icon_small\typhoon_mk1b_00.tga","typhoon_mk1b_00.tga",".tga","18689","False"
"air-combat-script","resource\interface\scene\unit_icon_small\typhoon_mk1b_01.tga","typhoon_mk1b_01.tga",".tga","18744","False"
"air-combat-script","resource\interface\scene\unit_icon_small\typhoon_mk1b_02.tga","typhoon_mk1b_02.tga",".tga","18761","False"
"air-combat-script","resource\interface\scene\unit_icon_small\typhoon_mk1b_03.tga","typhoon_mk1b_03.tga",".tga","18519","False"
"air-combat-script","resource\interface\scene\unit_icon_small\yak1_ser69combat_00.tga","yak1_ser69combat_00.tga",".tga","18646","False"
"air-combat-script","resource\interface\scene\unit_icon_small\yak1_ser69combat_01.tga","yak1_ser69combat_01.tga",".tga","18731","False"
"air-combat-script","resource\interface\scene\unit_icon_small\yak1_ser69combat_02.tga","yak1_ser69combat_02.tga",".tga","18721","False"
"air-combat-script","resource\interface\scene\unit_icon_small\yak1_ser69combat_03.tga","yak1_ser69combat_03.tga",".tga","18458","False"
"air-combat-script","resource\interface\scene\unit_icon_small\插画.png","插画.png",".png","2387","False"
"air-combat-script","resource\map\multi\dcg_script.inc","dcg_script.inc",".inc","478612","True"
"air-combat-script","resource\properties\airborne.ext","airborne.ext",".ext","10518","True"
"air-combat-script","resource\properties\airborne2.ext","airborne2.ext",".ext","10473","True"
"air-combat-script","resource\properties\airborne_combat.ext","airborne_combat.ext",".ext","10824","True"
"air-combat-script","resource\properties\airborne_spawn.ext","airborne_spawn.ext",".ext","10409","True"
"air-combat-script","resource\properties\armor.ext","armor.ext",".ext","14976","True"
"air-combat-script","resource\properties\armoredcar2.ext","armoredcar2.ext",".ext","1389","True"
"air-combat-script","resource\properties\car_crew.ext","car_crew.ext",".ext","11676","True"
"air-combat-script","resource\properties\human.ext","human.ext",".ext","6246","True"
"air-combat-script","resource\script\multiplayer\modes\conquest.lua","conquest.lua",".lua","10626","True"
"air-combat-script","resource\script\multiplayer\units\eng\conquest.eng.lua","conquest.eng.lua",".lua","21737","True"
"air-combat-script","resource\script\multiplayer\units\fin\conquest.fin.lua","conquest.fin.lua",".lua","14787","True"
"air-combat-script","resource\script\multiplayer\units\ger\conquest.ger.lua","conquest.ger.lua",".lua","17184","True"
"air-combat-script","resource\script\multiplayer\units\rus\conquest.rus.lua","conquest.rus.lua",".lua","16289","True"
"air-combat-script","resource\script\multiplayer\units\usa\conquest.usa.lua","conquest.usa.lua",".lua","13915","True"
"air-combat-script","resource\set\colliders.set","colliders.set",".set","9638","True"
"air-combat-script","resource\set\squads.set","squads.set",".set","506","True"
"air-combat-script","resource\set\breed\presets\perks\skills.inc","skills.inc",".inc","8651","True"
"air-combat-script","resource\set\difficulty\easy.dl","easy.dl",".dl","360","True"
"air-combat-script","resource\set\difficulty\hard.dl","hard.dl",".dl","360","True"
"air-combat-script","resource\set\difficulty\heroic.dl","heroic.dl",".dl","360","True"
"air-combat-script","resource\set\difficulty\multiplayer.dl","multiplayer.dl",".dl","332","True"
"air-combat-script","resource\set\difficulty\normal.dl","normal.dl",".dl","360","True"
"air-combat-script","resource\set\difficulty\training.dl","training.dl",".dl","53","True"
"air-combat-script","resource\set\dynamic_campaign\resources_high.set","resources_high.set",".set","3175","True"
"air-combat-script","resource\set\dynamic_campaign\resources_low.set","resources_low.set",".set","3174","True"
"air-combat-script","resource\set\dynamic_campaign\resources_standard.set","resources_standard.set",".set","3174","True"
"air-combat-script","resource\set\dynamic_campaign\resources_very_high.set","resources_very_high.set",".set","3179","True"
"air-combat-script","resource\set\dynamic_campaign\unit_research_eng.set","unit_research_eng.set",".set","22251","True"
"air-combat-script","resource\set\dynamic_campaign\unit_research_ger.set","unit_research_ger.set",".set","17094","True"
"air-combat-script","resource\set\dynamic_campaign\unit_research_rus.set","unit_research_rus.set",".set","15772","True"
"air-combat-script","resource\set\dynamic_campaign\unit_research_usa.set","unit_research_usa.set",".set","14320","True"
"air-combat-script","resource\set\interaction_entity\airborne.inc","airborne.inc",".inc","77701","True"
"air-combat-script","resource\set\interaction_entity\dummy.inc","dummy.inc",".inc","42290","True"
"air-combat-script","resource\set\interaction_entity\human.inc","human.inc",".inc","43442","True"
"air-combat-script","resource\set\multiplayer\games\campaign_capture_the_flag.set","campaign_capture_the_flag.set",".set","2241","True"
"air-combat-script","resource\set\multiplayer\games\cooperative.set","cooperative.set",".set","451","True"
"air-combat-script","resource\set\multiplayer\games\evacuation.set","evacuation.set",".set","2258","True"
"air-combat-script","resource\set\multiplayer\games\frontlines.set","frontlines.set",".set","2258","True"
"air-combat-script","resource\set\multiplayer\games\gamemode.template","gamemode.template",".template","3022","True"
"air-combat-script","resource\set\multiplayer\units\conquest\settings.set","settings.set",".set","21767","True"
"air-combat-script","resource\set\multiplayer\units\conquest\settings_inf.set","settings_inf.set",".set","2626","True"
"air-combat-script","resource\set\multiplayer\units\conquest\units_eng.set","units_eng.set",".set","51761","True"
"air-combat-script","resource\set\multiplayer\units\conquest\units_fin.set","units_fin.set",".set","33094","True"
"air-combat-script","resource\set\multiplayer\units\conquest\units_ger.set","units_ger.set",".set","40141","True"
"air-combat-script","resource\set\multiplayer\units\conquest\units_rus.set","units_rus.set",".set","36716","True"
"air-combat-script","resource\set\multiplayer\units\conquest\units_usa.set","units_usa.set",".set","35759","True"
"air-combat-script","resource\set\registry\camera.reg","camera.reg",".reg","5976","True"
"air-combat-script","resource\set\registry\unit.reg","unit.reg",".reg","47108","True"
"air-combat-script","resource\set\stuff\bombing\air_bomb_250kgic.ammo","air_bomb_250kgic.ammo",".ammo","267","True"
"air-combat-script","resource\set\stuff\bombing\air_bomb_50kgic.ammo","air_bomb_50kgic.ammo",".ammo","288","True"
"air-combat-script","resource\set\stuff\pistol\atg","atg","","487","True"
"air-combat-script","resource\set\stuff\pistol\atgbomb","atgbomb","","487","True"
"air-combat-script","resource\set\stuff\pistol\cas","cas","","490","True"
"air-combat-script","resource\set\stuff\pistol\casai","casai","","493","True"
"air-combat-script","resource\set\stuff\pistol\combat","combat","","499","True"
"air-combat-script","resource\set\stuff\pistol\crewout","crewout","","488","True"
"air-combat-script","resource\set\stuff\pistol\follow","follow","","493","True"
"air-combat-script","resource\set\stuff\pistol\follow2","follow2","","495","True"
"air-combat-script","resource\set\stuff\pistol\follow3","follow3","","495","True"
"air-combat-script","resource\set\stuff\pistol\il2_heat","il2_heat","","492","True"
"air-combat-script","resource\set\stuff\reactive\82mm_rs82.ammo","82mm_rs82.ammo",".ammo","443","True"
"air-combat-script","resource\set\stuff\reactive\82mm_rs82.weapon","82mm_rs82.weapon",".weapon","551","True"
"air-combat-script","resource\set\stuff\reactive\rocketusa.weapon","rocketusa.weapon",".weapon","542","True"
"air-combat-script","resource\set\stuff\special\light","light","","31","True"
"air-combat-script","resource\set\stuff\special\light2","light2","","31","True"
"air-combat-script","resource\set\target\airborne_bullet.inc","airborne_bullet.inc",".inc","674","True"
"air-combat-script","resource\set\target\airborne_bullet_combat.inc","airborne_bullet_combat.inc",".inc","311","True"
"air-combat-script","resource\set\target\airborne_select.inc","airborne_select.inc",".inc","635","True"
"air-combat-script","resource\set\target\ammo.set","ammo.set",".set","32365","True"
"air-combat-script","resource\set\target\cannon_aa.inc","cannon_aa.inc",".inc","1125","True"
"air-combat-script","resource\set\target\cannon_big.inc","cannon_big.inc",".inc","1329","True"
"air-combat-script","resource\set\target\cannon_bullet.inc","cannon_bullet.inc",".inc","840","True"
"air-combat-script","resource\set\target\cannon_howitzer.inc","cannon_howitzer.inc",".inc","945","True"
"air-combat-script","resource\set\target\cannon_small.inc","cannon_small.inc",".inc","904","True"
"air-combat-script","resource\set\target\cannon_zenite.inc","cannon_zenite.inc",".inc","1018","True"
"air-combat-script","resource\set\target\car_bullet.inc","car_bullet.inc",".inc","866","True"
"air-combat-script","resource\set\target\human.inc","human.inc",".inc","834","True"
"air-combat-script","resource\set\target\human_ap.inc","human_ap.inc",".inc","2597","True"
"air-combat-script","resource\set\target\human_bullet.inc","human_bullet.inc",".inc","1126","True"
"air-combat-script","resource\set\target\human_fg.inc","human_fg.inc",".inc","749","True"
"air-combat-script","resource\set\target\human_select.inc","human_select.inc",".inc","147","True"
"air-combat-script","resource\set\target\rocket.inc","rocket.inc",".inc","704","True"
"air-combat-script","resource\set\target\searchlight.inc","searchlight.inc",".inc","522","True"
"air-combat-script","resource\set\target\select.set","select.set",".set","717","True"
"air-combat-script","resource\set\target\supergun.inc","supergun.inc",".inc","1193","True"
"air-combat-script","resource\set\target\tank_bullet.inc","tank_bullet.inc",".inc","795","True"
"air-combat-script","resource\set\target\tank_heavy.inc","tank_heavy.inc",".inc","1536","True"
"air-combat-script","resource\set\target\tank_light.inc","tank_light.inc",".inc","1133","True"
"air-combat-script","resource\set\target\tank_medium.inc","tank_medium.inc",".inc","1842","True"
"air-combat-script","resource\set\target\tank_spg.inc","tank_spg.inc",".inc","1679","True"
"air-combat-script","resource\set\target\tank_zenite.inc","tank_zenite.inc",".inc","1144","True"
"air-combat-script","resource\set\vision\vision_fields.inc","vision_fields.inc",".inc","9327","True"
