"Source","RelativePath","LengthBytes","Reason"
"shattered-galaxy","resource\entity\-vehicle_star_wars\airborne\tie_ca\body.ply","313803","TIE or X-wing path keyword"
"shattered-galaxy","resource\entity\-vehicle_star_wars\airborne\tie_ca\body.vol","416","TIE or X-wing path keyword"
"shattered-galaxy","resource\entity\-vehicle_star_wars\airborne\tie_ca\body2.ply","531951","TIE or X-wing path keyword"
"shattered-galaxy","resource\entity\-vehicle_star_wars\airborne\tie_ca\bomber.mtl","183","TIE or X-wing path keyword"
"shattered-galaxy","resource\entity\-vehicle_star_wars\airborne\tie_ca\tie_ca.def","2472","TIE or X-wing path keyword"
"shattered-galaxy","resource\entity\-vehicle_star_wars\airborne\tie_ca\tie_interdictor.mdl","2678","TIE or X-wing path keyword"
"shattered-galaxy","resource\entity\-vehicle_star_wars\airborne\tie_ca\wingl.ply","140975","TIE or X-wing path keyword"
"shattered-galaxy","resource\entity\-vehicle_star_wars\airborne\tie_ca\wingl.vol","416","TIE or X-wing path keyword"
"shattered-galaxy","resource\entity\-vehicle_star_wars\airborne\tie_ca\wingr.ply","140835","TIE or X-wing path keyword"
"shattered-galaxy","resource\entity\-vehicle_star_wars\airborne\tie_ca\wingr.vol","416","TIE or X-wing path keyword"
"shattered-galaxy","resource\entity\-vehicle_star_wars\airborne\tie_in\body.mtl","199","TIE or X-wing path keyword"
"shattered-galaxy","resource\entity\-vehicle_star_wars\airborne\tie_in\body.ply","660856","TIE or X-wing path keyword"
"shattered-galaxy","resource\entity\-vehicle_star_wars\airborne\tie_in\body.vol","12532","TIE or X-wing path keyword"
"shattered-galaxy","resource\entity\-vehicle_star_wars\airborne\tie_in\tie_in.def","2284","TIE or X-wing path keyword"
"shattered-galaxy","resource\entity\-vehicle_star_wars\airborne\tie_in\tie_interceptor.mdl","2915","TIE or X-wing path keyword"
"shattered-galaxy","resource\entity\-vehicle_star_wars\airborne\tie_in\tie_in_static.def","137","TIE or X-wing path keyword"
"shattered-galaxy","resource\entity\-vehicle_star_wars\airborne\tie_in\window.mtl","195","TIE or X-wing path keyword"
"shattered-galaxy","resource\entity\-vehicle_star_wars\airborne\tie_in\wingl.ply","999380","TIE or X-wing path keyword"
"shattered-galaxy","resource\entity\-vehicle_star_wars\airborne\tie_in\wingl.vol","1560","TIE or X-wing path keyword"
"shattered-galaxy","resource\entity\-vehicle_star_wars\airborne\tie_in\wingls.ply","1362908","TIE or X-wing path keyword"
"shattered-galaxy","resource\entity\-vehicle_star_wars\airborne\tie_in\wingr.ply","999380","TIE or X-wing path keyword"
"shattered-galaxy","resource\entity\-vehicle_star_wars\airborne\tie_in\wingr.vol","1560","TIE or X-wing path keyword"
"shattered-galaxy","resource\entity\-vehicle_star_wars\airborne\tie_in\wingrs.ply","1362972","TIE or X-wing path keyword"
"shattered-galaxy","resource\entity\-vehicle_star_wars\airborne\tie_in\wings.mtl","203","TIE or X-wing path keyword"
"shattered-galaxy","resource\entity\-vehicle_star_wars\airborne\tie_ln\body.mtl","195","TIE or X-wing path keyword"
"shattered-galaxy","resource\entity\-vehicle_star_wars\airborne\tie_ln\body.ply","660856","TIE or X-wing path keyword"
"shattered-galaxy","resource\entity\-vehicle_star_wars\airborne\tie_ln\body.vol","12532","TIE or X-wing path keyword"
"shattered-galaxy","resource\entity\-vehicle_star_wars\airborne\tie_ln\tie_fighter.mdl","1922","TIE or X-wing path keyword"
"shattered-galaxy","resource\entity\-vehicle_star_wars\airborne\tie_ln\tie_ln.def","1952","TIE or X-wing path keyword"
"shattered-galaxy","resource\entity\-vehicle_star_wars\airborne\tie_ln\tie_ln_static.def","133","TIE or X-wing path keyword"
"shattered-galaxy","resource\entity\-vehicle_star_wars\airborne\tie_ln\window.mtl","195","TIE or X-wing path keyword"
"shattered-galaxy","resource\entity\-vehicle_star_wars\airborne\tie_ln\wingl.ply","1736444","TIE or X-wing path keyword"
"shattered-galaxy","resource\entity\-vehicle_star_wars\airborne\tie_ln\wingl.vol","312","TIE or X-wing path keyword"
"shattered-galaxy","resource\entity\-vehicle_star_wars\airborne\tie_ln\wingr.ply","1043548","TIE or X-wing path keyword"
"shattered-galaxy","resource\entity\-vehicle_star_wars\airborne\tie_ln\wingr.vol","312","TIE or X-wing path keyword"
"shattered-galaxy","resource\entity\-vehicle_star_wars\airborne\tie_ln\wings.mtl","195","TIE or X-wing path keyword"
"shattered-galaxy","resource\entity\-vehicle_star_wars\airborne\tie_sa\body.ply","378691","TIE or X-wing path keyword"
"shattered-galaxy","resource\entity\-vehicle_star_wars\airborne\tie_sa\body.vol","416","TIE or X-wing path keyword"
"shattered-galaxy","resource\entity\-vehicle_star_wars\airborne\tie_sa\bomber.mtl","183","TIE or X-wing path keyword"
"shattered-galaxy","resource\entity\-vehicle_star_wars\airborne\tie_sa\tie_bomber.mdl","2028","TIE or X-wing path keyword"
"shattered-galaxy","resource\entity\-vehicle_star_wars\airborne\tie_sa\tie_sa.def","2105","TIE or X-wing path keyword"
"shattered-galaxy","resource\entity\-vehicle_star_wars\airborne\tie_sa\tie_sa_static.def","133","TIE or X-wing path keyword"
"shattered-galaxy","resource\entity\-vehicle_star_wars\airborne\tie_sa\wingl.ply","140975","TIE or X-wing path keyword"
"shattered-galaxy","resource\entity\-vehicle_star_wars\airborne\tie_sa\wingl.vol","416","TIE or X-wing path keyword"
"shattered-galaxy","resource\entity\-vehicle_star_wars\airborne\tie_sa\wingr.ply","140835","TIE or X-wing path keyword"
"shattered-galaxy","resource\entity\-vehicle_star_wars\airborne\tie_sa\wingr.vol","416","TIE or X-wing path keyword"
"shattered-galaxy","resource\entity\-vehicle_star_wars\airborne\tie_st_x1\body.ply","607999","TIE or X-wing path keyword"
"shattered-galaxy","resource\entity\-vehicle_star_wars\airborne\tie_st_x1\body.vol","223650","TIE or X-wing path keyword"
"shattered-galaxy","resource\entity\-vehicle_star_wars\airborne\tie_st_x1\glass.ply","4747","TIE or X-wing path keyword"
"shattered-galaxy","resource\entity\-vehicle_star_wars\airborne\tie_st_x1\glass.vol","1980","TIE or X-wing path keyword"
"shattered-galaxy","resource\entity\-vehicle_star_wars\airborne\tie_st_x1\gun.ply","37603","TIE or X-wing path keyword"
"shattered-galaxy","resource\entity\-vehicle_star_wars\airborne\tie_st_x1\gun2.ply","3811","TIE or X-wing path keyword"
"shattered-galaxy","resource\entity\-vehicle_star_wars\airborne\tie_st_x1\gun3.ply","33289","TIE or X-wing path keyword"
"shattered-galaxy","resource\entity\-vehicle_star_wars\airborne\tie_st_x1\gun_rot.ply","17107","TIE or X-wing path keyword"
"shattered-galaxy","resource\entity\-vehicle_star_wars\airborne\tie_st_x1\gun_rot2.ply","3679","TIE or X-wing path keyword"
"shattered-galaxy","resource\entity\-vehicle_star_wars\airborne\tie_st_x1\material_#3090.mtl","105","TIE or X-wing path keyword"
"shattered-galaxy","resource\entity\-vehicle_star_wars\airborne\tie_st_x1\material_#3105.mtl","105","TIE or X-wing path keyword"
"shattered-galaxy","resource\entity\-vehicle_star_wars\airborne\tie_st_x1\material_#3106.mtl","104","TIE or X-wing path keyword"
"shattered-galaxy","resource\entity\-vehicle_star_wars\airborne\tie_st_x1\material_#3107.mtl","104","TIE or X-wing path keyword"
"shattered-galaxy","resource\entity\-vehicle_star_wars\airborne\tie_st_x1\material_#3108.mtl","104","TIE or X-wing path keyword"
"shattered-galaxy","resource\entity\-vehicle_star_wars\airborne\tie_st_x1\material_#3109.mtl","104","TIE or X-wing path keyword"
"shattered-galaxy","resource\entity\-vehicle_star_wars\airborne\tie_st_x1\material_#3110.mtl","104","TIE or X-wing path keyword"
"shattered-galaxy","resource\entity\-vehicle_star_wars\airborne\tie_st_x1\material_#3111.mtl","105","TIE or X-wing path keyword"
"shattered-galaxy","resource\entity\-vehicle_star_wars\airborne\tie_st_x1\tie_striker.mdl","4223","TIE or X-wing path keyword"
"shattered-galaxy","resource\entity\-vehicle_star_wars\airborne\tie_st_x1\tie_st_x1.def","2756","TIE or X-wing path keyword"
"shattered-galaxy","resource\entity\-vehicle_star_wars\airborne\tie_st_x1\wingl.ply","43285","TIE or X-wing path keyword"
"shattered-galaxy","resource\entity\-vehicle_star_wars\airborne\tie_st_x1\wingl.vol","10857","TIE or X-wing path keyword"
"shattered-galaxy","resource\entity\-vehicle_star_wars\airborne\tie_st_x1\wingr.ply","43210","TIE or X-wing path keyword"
"shattered-galaxy","resource\entity\-vehicle_star_wars\airborne\tie_st_x1\wingr.vol","10938","TIE or X-wing path keyword"
"shattered-galaxy","resource\entity\-vehicle_star_wars\airborne\x\tie_ca_xx\body.ply","313803","TIE or X-wing path keyword"
"shattered-galaxy","resource\entity\-vehicle_star_wars\airborne\x\tie_ca_xx\body.vol","416","TIE or X-wing path keyword"
"shattered-galaxy","resource\entity\-vehicle_star_wars\airborne\x\tie_ca_xx\body2.ply","531951","TIE or X-wing path keyword"
"shattered-galaxy","resource\entity\-vehicle_star_wars\airborne\x\tie_ca_xx\bomber.mtl","183","TIE or X-wing path keyword"
"shattered-galaxy","resource\entity\-vehicle_star_wars\airborne\x\tie_ca_xx\tie_ca_xx.def","54","TIE or X-wing path keyword"
"shattered-galaxy","resource\entity\-vehicle_star_wars\airborne\x\tie_ca_xx\tie_interdictor_xx.mdl","2678","TIE or X-wing path keyword"
"shattered-galaxy","resource\entity\-vehicle_star_wars\airborne\x\tie_ca_xx\wingl.ply","140975","TIE or X-wing path keyword"
"shattered-galaxy","resource\entity\-vehicle_star_wars\airborne\x\tie_ca_xx\wingl.vol","416","TIE or X-wing path keyword"
"shattered-galaxy","resource\entity\-vehicle_star_wars\airborne\x\tie_ca_xx\wingr.ply","140835","TIE or X-wing path keyword"
"shattered-galaxy","resource\entity\-vehicle_star_wars\airborne\x\tie_ca_xx\wingr.vol","416","TIE or X-wing path keyword"
"shattered-galaxy","resource\entity\-vehicle_star_wars\airborne\x\tie_in_xx\body.mtl","199","TIE or X-wing path keyword"
"shattered-galaxy","resource\entity\-vehicle_star_wars\airborne\x\tie_in_xx\body.ply","660856","TIE or X-wing path keyword"
"shattered-galaxy","resource\entity\-vehicle_star_wars\airborne\x\tie_in_xx\body.vol","12532","TIE or X-wing path keyword"
"shattered-galaxy","resource\entity\-vehicle_star_wars\airborne\x\tie_in_xx\tie_in_static_xx.def","47","TIE or X-wing path keyword"
"shattered-galaxy","resource\entity\-vehicle_star_wars\airborne\x\tie_in_xx\tie_in_xx.def","47","TIE or X-wing path keyword"
"shattered-galaxy","resource\entity\-vehicle_star_wars\airborne\x\tie_in_xx\tie_in_xx.mdl","2915","TIE or X-wing path keyword"
"shattered-galaxy","resource\entity\-vehicle_star_wars\airborne\x\tie_in_xx\window.mtl","195","TIE or X-wing path keyword"
"shattered-galaxy","resource\entity\-vehicle_star_wars\airborne\x\tie_in_xx\wingl.ply","999380","TIE or X-wing path keyword"
"shattered-galaxy","resource\entity\-vehicle_star_wars\airborne\x\tie_in_xx\wingl.vol","1560","TIE or X-wing path keyword"
"shattered-galaxy","resource\entity\-vehicle_star_wars\airborne\x\tie_in_xx\wingls.ply","1362908","TIE or X-wing path keyword"
"shattered-galaxy","resource\entity\-vehicle_star_wars\airborne\x\tie_in_xx\wingr.ply","999380","TIE or X-wing path keyword"
"shattered-galaxy","resource\entity\-vehicle_star_wars\airborne\x\tie_in_xx\wingr.vol","1560","TIE or X-wing path keyword"
"shattered-galaxy","resource\entity\-vehicle_star_wars\airborne\x\tie_in_xx\wingrs.ply","1362972","TIE or X-wing path keyword"
"shattered-galaxy","resource\entity\-vehicle_star_wars\airborne\x\tie_in_xx\wings.mtl","203","TIE or X-wing path keyword"
"shattered-galaxy","resource\entity\-vehicle_star_wars\airborne\x\tie_ln_xx\body.mtl","195","TIE or X-wing path keyword"
"shattered-galaxy","resource\entity\-vehicle_star_wars\airborne\x\tie_ln_xx\body.ply","660856","TIE or X-wing path keyword"
"shattered-galaxy","resource\entity\-vehicle_star_wars\airborne\x\tie_ln_xx\body.vol","12532","TIE or X-wing path keyword"
"shattered-galaxy","resource\entity\-vehicle_star_wars\airborne\x\tie_ln_xx\tie_fighter_xx.mdl","1922","TIE or X-wing path keyword"
"shattered-galaxy","resource\entity\-vehicle_star_wars\airborne\x\tie_ln_xx\tie_ln_xx.def","50","TIE or X-wing path keyword"
"shattered-galaxy","resource\entity\-vehicle_star_wars\airborne\x\tie_ln_xx\window.mtl","195","TIE or X-wing path keyword"
"shattered-galaxy","resource\entity\-vehicle_star_wars\airborne\x\tie_ln_xx\wingl.ply","1736444","TIE or X-wing path keyword"
"shattered-galaxy","resource\entity\-vehicle_star_wars\airborne\x\tie_ln_xx\wingl.vol","312","TIE or X-wing path keyword"
"shattered-galaxy","resource\entity\-vehicle_star_wars\airborne\x\tie_ln_xx\wingr.ply","1043548","TIE or X-wing path keyword"
"shattered-galaxy","resource\entity\-vehicle_star_wars\airborne\x\tie_ln_xx\wingr.vol","312","TIE or X-wing path keyword"
"shattered-galaxy","resource\entity\-vehicle_star_wars\airborne\x\tie_ln_xx\wings.mtl","195","TIE or X-wing path keyword"
"shattered-galaxy","resource\entity\-vehicle_star_wars\airborne\x\tie_sa_xx\body.ply","378691","TIE or X-wing path keyword"
"shattered-galaxy","resource\entity\-vehicle_star_wars\airborne\x\tie_sa_xx\body.vol","416","TIE or X-wing path keyword"
"shattered-galaxy","resource\entity\-vehicle_star_wars\airborne\x\tie_sa_xx\bomber.mtl","183","TIE or X-wing path keyword"
"shattered-galaxy","resource\entity\-vehicle_star_wars\airborne\x\tie_sa_xx\tie_bomber_xx.mdl","2028","TIE or X-wing path keyword"
"shattered-galaxy","resource\entity\-vehicle_star_wars\airborne\x\tie_sa_xx\tie_sa_xx.def","49","TIE or X-wing path keyword"
"shattered-galaxy","resource\entity\-vehicle_star_wars\airborne\x\tie_sa_xx\wingl.ply","140975","TIE or X-wing path keyword"
"shattered-galaxy","resource\entity\-vehicle_star_wars\airborne\x\tie_sa_xx\wingl.vol","416","TIE or X-wing path keyword"
"shattered-galaxy","resource\entity\-vehicle_star_wars\airborne\x\tie_sa_xx\wingr.ply","140835","TIE or X-wing path keyword"
"shattered-galaxy","resource\entity\-vehicle_star_wars\airborne\x\tie_sa_xx\wingr.vol","416","TIE or X-wing path keyword"
"shattered-galaxy","resource\entity\-vehicle_star_wars\airborne\x\tie_st_x1_xx\body.ply","607999","TIE or X-wing path keyword"
"shattered-galaxy","resource\entity\-vehicle_star_wars\airborne\x\tie_st_x1_xx\body.vol","223650","TIE or X-wing path keyword"
"shattered-galaxy","resource\entity\-vehicle_star_wars\airborne\x\tie_st_x1_xx\glass.ply","4747","TIE or X-wing path keyword"
"shattered-galaxy","resource\entity\-vehicle_star_wars\airborne\x\tie_st_x1_xx\glass.vol","1980","TIE or X-wing path keyword"
"shattered-galaxy","resource\entity\-vehicle_star_wars\airborne\x\tie_st_x1_xx\gun.ply","37603","TIE or X-wing path keyword"
"shattered-galaxy","resource\entity\-vehicle_star_wars\airborne\x\tie_st_x1_xx\gun2.ply","3811","TIE or X-wing path keyword"
"shattered-galaxy","resource\entity\-vehicle_star_wars\airborne\x\tie_st_x1_xx\gun3.ply","33289","TIE or X-wing path keyword"
"shattered-galaxy","resource\entity\-vehicle_star_wars\airborne\x\tie_st_x1_xx\gun_rot.ply","17107","TIE or X-wing path keyword"
"shattered-galaxy","resource\entity\-vehicle_star_wars\airborne\x\tie_st_x1_xx\gun_rot2.ply","3679","TIE or X-wing path keyword"
"shattered-galaxy","resource\entity\-vehicle_star_wars\airborne\x\tie_st_x1_xx\material_#3090.mtl","105","TIE or X-wing path keyword"
"shattered-galaxy","resource\entity\-vehicle_star_wars\airborne\x\tie_st_x1_xx\material_#3105.mtl","105","TIE or X-wing path keyword"
"shattered-galaxy","resource\entity\-vehicle_star_wars\airborne\x\tie_st_x1_xx\material_#3106.mtl","104","TIE or X-wing path keyword"
"shattered-galaxy","resource\entity\-vehicle_star_wars\airborne\x\tie_st_x1_xx\material_#3107.mtl","104","TIE or X-wing path keyword"
"shattered-galaxy","resource\entity\-vehicle_star_wars\airborne\x\tie_st_x1_xx\material_#3108.mtl","104","TIE or X-wing path keyword"
"shattered-galaxy","resource\entity\-vehicle_star_wars\airborne\x\tie_st_x1_xx\material_#3109.mtl","104","TIE or X-wing path keyword"
"shattered-galaxy","resource\entity\-vehicle_star_wars\airborne\x\tie_st_x1_xx\material_#3110.mtl","104","TIE or X-wing path keyword"
"shattered-galaxy","resource\entity\-vehicle_star_wars\airborne\x\tie_st_x1_xx\material_#3111.mtl","105","TIE or X-wing path keyword"
"shattered-galaxy","resource\entity\-vehicle_star_wars\airborne\x\tie_st_x1_xx\tie_st_x1_xx.def","50","TIE or X-wing path keyword"
"shattered-galaxy","resource\entity\-vehicle_star_wars\airborne\x\tie_st_x1_xx\tie_st_x1_xx.mdl","4223","TIE or X-wing path keyword"
"shattered-galaxy","resource\entity\-vehicle_star_wars\airborne\x\tie_st_x1_xx\wingl.ply","43285","TIE or X-wing path keyword"
"shattered-galaxy","resource\entity\-vehicle_star_wars\airborne\x\tie_st_x1_xx\wingl.vol","10857","TIE or X-wing path keyword"
"shattered-galaxy","resource\entity\-vehicle_star_wars\airborne\x\tie_st_x1_xx\wingr.ply","43210","TIE or X-wing path keyword"
"shattered-galaxy","resource\entity\-vehicle_star_wars\airborne\x\tie_st_x1_xx\wingr.vol","10938","TIE or X-wing path keyword"
"shattered-galaxy","resource\entity\-vehicle_star_wars\airborne\x\xwing_xx\anim.txt","7593","TIE or X-wing path keyword"
"shattered-galaxy","resource\entity\-vehicle_star_wars\airborne\x\xwing_xx\b1.ply","1615","TIE or X-wing path keyword"
"shattered-galaxy","resource\entity\-vehicle_star_wars\airborne\x\xwing_xx\b2.ply","1615","TIE or X-wing path keyword"
"shattered-galaxy","resource\entity\-vehicle_star_wars\airborne\x\xwing_xx\body.ply","55657","TIE or X-wing path keyword"
"shattered-galaxy","resource\entity\-vehicle_star_wars\airborne\x\xwing_xx\body.vol","28183","TIE or X-wing path keyword"
"shattered-galaxy","resource\entity\-vehicle_star_wars\airborne\x\xwing_xx\tt.mtl","85","TIE or X-wing path keyword"
"shattered-galaxy","resource\entity\-vehicle_star_wars\airborne\x\xwing_xx\wingl1.ply","70739","TIE or X-wing path keyword"
"shattered-galaxy","resource\entity\-vehicle_star_wars\airborne\x\xwing_xx\wingl1.vol","16986","TIE or X-wing path keyword"
"shattered-galaxy","resource\entity\-vehicle_star_wars\airborne\x\xwing_xx\wingl2.ply","74169","TIE or X-wing path keyword"
"shattered-galaxy","resource\entity\-vehicle_star_wars\airborne\x\xwing_xx\wingl2.vol","18013","TIE or X-wing path keyword"
"shattered-galaxy","resource\entity\-vehicle_star_wars\airborne\x\xwing_xx\wingr1.ply","70735","TIE or X-wing path keyword"
"shattered-galaxy","resource\entity\-vehicle_star_wars\airborne\x\xwing_xx\wingr1.vol","16986","TIE or X-wing path keyword"
"shattered-galaxy","resource\entity\-vehicle_star_wars\airborne\x\xwing_xx\wingr2.ply","74165","TIE or X-wing path keyword"
"shattered-galaxy","resource\entity\-vehicle_star_wars\airborne\x\xwing_xx\wingr2.vol","18013","TIE or X-wing path keyword"
"shattered-galaxy","resource\entity\-vehicle_star_wars\airborne\x\xwing_xx\x-wing.mtl","90","TIE or X-wing path keyword"
"shattered-galaxy","resource\entity\-vehicle_star_wars\airborne\x\xwing_xx\xwing_xx.def","44","TIE or X-wing path keyword"
"shattered-galaxy","resource\entity\-vehicle_star_wars\airborne\x\xwing_xx\xwing_xx.mdl","3131","TIE or X-wing path keyword"
"shattered-galaxy","resource\entity\-vehicle_star_wars\airborne\xwing\anim.txt","7593","TIE or X-wing path keyword"
"shattered-galaxy","resource\entity\-vehicle_star_wars\airborne\xwing\b1.ply","1615","TIE or X-wing path keyword"
"shattered-galaxy","resource\entity\-vehicle_star_wars\airborne\xwing\b2.ply","1615","TIE or X-wing path keyword"
"shattered-galaxy","resource\entity\-vehicle_star_wars\airborne\xwing\body.ply","55657","TIE or X-wing path keyword"
"shattered-galaxy","resource\entity\-vehicle_star_wars\airborne\xwing\body.vol","28183","TIE or X-wing path keyword"
"shattered-galaxy","resource\entity\-vehicle_star_wars\airborne\xwing\engine_start.anm","899","TIE or X-wing path keyword"
"shattered-galaxy","resource\entity\-vehicle_star_wars\airborne\xwing\engine_stop.anm","802","TIE or X-wing path keyword"
"shattered-galaxy","resource\entity\-vehicle_star_wars\airborne\xwing\engine_work.anm","414","TIE or X-wing path keyword"
"shattered-galaxy","resource\entity\-vehicle_star_wars\airborne\xwing\tt.mtl","85","TIE or X-wing path keyword"
"shattered-galaxy","resource\entity\-vehicle_star_wars\airborne\xwing\wingl1.ply","70739","TIE or X-wing path keyword"
"shattered-galaxy","resource\entity\-vehicle_star_wars\airborne\xwing\wingl1.vol","16986","TIE or X-wing path keyword"
"shattered-galaxy","resource\entity\-vehicle_star_wars\airborne\xwing\wingl2.ply","74169","TIE or X-wing path keyword"
"shattered-galaxy","resource\entity\-vehicle_star_wars\airborne\xwing\wingl2.vol","18013","TIE or X-wing path keyword"
"shattered-galaxy","resource\entity\-vehicle_star_wars\airborne\xwing\wingr1.ply","70735","TIE or X-wing path keyword"
"shattered-galaxy","resource\entity\-vehicle_star_wars\airborne\xwing\wingr1.vol","16986","TIE or X-wing path keyword"
"shattered-galaxy","resource\entity\-vehicle_star_wars\airborne\xwing\wingr2.ply","74165","TIE or X-wing path keyword"
"shattered-galaxy","resource\entity\-vehicle_star_wars\airborne\xwing\wingr2.vol","18013","TIE or X-wing path keyword"
"shattered-galaxy","resource\entity\-vehicle_star_wars\airborne\xwing\x-wing.mdl","3233","TIE or X-wing path keyword"
"shattered-galaxy","resource\entity\-vehicle_star_wars\airborne\xwing\x-wing.mtl","90","TIE or X-wing path keyword"
"shattered-galaxy","resource\entity\-vehicle_star_wars\airborne\xwing\xwing.def","2079","TIE or X-wing path keyword"
"shattered-galaxy","resource\entity\-vehicle_star_wars\light\tie_mauler\14_-_default.mtl","55","TIE or X-wing path keyword"
"shattered-galaxy","resource\entity\-vehicle_star_wars\light\tie_mauler\anim.txt","68774","TIE or X-wing path keyword"
"shattered-galaxy","resource\entity\-vehicle_star_wars\light\tie_mauler\body.ply","267334","TIE or X-wing path keyword"
"shattered-galaxy","resource\entity\-vehicle_star_wars\light\tie_mauler\body.vol","1612","TIE or X-wing path keyword"
"shattered-galaxy","resource\entity\-vehicle_star_wars\light\tie_mauler\body_r.anm","2949","TIE or X-wing path keyword"
"shattered-galaxy","resource\entity\-vehicle_star_wars\light\tie_mauler\crew.vol","208","TIE or X-wing path keyword"
"shattered-galaxy","resource\entity\-vehicle_star_wars\light\tie_mauler\engine.vol","208","TIE or X-wing path keyword"
"shattered-galaxy","resource\entity\-vehicle_star_wars\light\tie_mauler\enumerator.ply","616","TIE or X-wing path keyword"
"shattered-galaxy","resource\entity\-vehicle_star_wars\light\tie_mauler\hit.anm","5393","TIE or X-wing path keyword"
"shattered-galaxy","resource\entity\-vehicle_star_wars\light\tie_mauler\imp_tiefighter_c.dds","699192","TIE or X-wing path keyword"
"shattered-galaxy","resource\entity\-vehicle_star_wars\light\tie_mauler\material#1.mtl","121","TIE or X-wing path keyword"
"shattered-galaxy","resource\entity\-vehicle_star_wars\light\tie_mauler\material#2.mtl","122","TIE or X-wing path keyword"
"shattered-galaxy","resource\entity\-vehicle_star_wars\light\tie_mauler\number1.mtl","69","TIE or X-wing path keyword"
"shattered-galaxy","resource\entity\-vehicle_star_wars\light\tie_mauler\number2.mtl","69","TIE or X-wing path keyword"
"shattered-galaxy","resource\entity\-vehicle_star_wars\light\tie_mauler\number3.mtl","69","TIE or X-wing path keyword"
"shattered-galaxy","resource\entity\-vehicle_star_wars\light\tie_mauler\open.anm","2949","TIE or X-wing path keyword"
"shattered-galaxy","resource\entity\-vehicle_star_wars\light\tie_mauler\open_driver.anm","2949","TIE or X-wing path keyword"
"shattered-galaxy","resource\entity\-vehicle_star_wars\light\tie_mauler\pz4g.dds","22000","TIE or X-wing path keyword"
"shattered-galaxy","resource\entity\-vehicle_star_wars\light\tie_mauler\pz4g_n.dds","11064","TIE or X-wing path keyword"
"shattered-galaxy","resource\entity\-vehicle_star_wars\light\tie_mauler\pz4g_s.dds","11064","TIE or X-wing path keyword"
"shattered-galaxy","resource\entity\-vehicle_star_wars\light\tie_mauler\shieldl.ply","2145","TIE or X-wing path keyword"
"shattered-galaxy","resource\entity\-vehicle_star_wars\light\tie_mauler\shieldr.ply","2145","TIE or X-wing path keyword"
"shattered-galaxy","resource\entity\-vehicle_star_wars\light\tie_mauler\start.anm","2949","TIE or X-wing path keyword"
"shattered-galaxy","resource\entity\-vehicle_star_wars\light\tie_mauler\stop.anm","2949","TIE or X-wing path keyword"
"shattered-galaxy","resource\entity\-vehicle_star_wars\light\tie_mauler\tex2_0.bmp","70","TIE or X-wing path keyword"
"shattered-galaxy","resource\entity\-vehicle_star_wars\light\tie_mauler\tie.mtl","65","TIE or X-wing path keyword"
"shattered-galaxy","resource\entity\-vehicle_star_wars\light\tie_mauler\tie_mauler.def","2220","TIE or X-wing path keyword"
"shattered-galaxy","resource\entity\-vehicle_star_wars\light\tie_mauler\tie_mauler.mdl","8643","TIE or X-wing path keyword"
"shattered-galaxy","resource\entity\-vehicle_star_wars\light\tie_mauler\track#1.mtl","120","TIE or X-wing path keyword"
"shattered-galaxy","resource\entity\-vehicle_star_wars\light\tie_mauler\track#2.mtl","120","TIE or X-wing path keyword"
"shattered-galaxy","resource\entity\-vehicle_star_wars\light\tie_mauler\track#3.mtl","120","TIE or X-wing path keyword"
"shattered-galaxy","resource\entity\-vehicle_star_wars\light\tie_mauler\track#4.mtl","120","TIE or X-wing path keyword"
"shattered-galaxy","resource\entity\-vehicle_star_wars\light\tie_mauler\track#5.mtl","120","TIE or X-wing path keyword"
"shattered-galaxy","resource\entity\-vehicle_star_wars\light\tie_mauler\trackl.ply","10414","TIE or X-wing path keyword"
"shattered-galaxy","resource\entity\-vehicle_star_wars\light\tie_mauler\trackleft.vol","208","TIE or X-wing path keyword"
"shattered-galaxy","resource\entity\-vehicle_star_wars\light\tie_mauler\trackr.ply","10554","TIE or X-wing path keyword"
"shattered-galaxy","resource\entity\-vehicle_star_wars\light\tie_mauler\trackright.vol","208","TIE or X-wing path keyword"
"shattered-galaxy","resource\entity\-vehicle_star_wars\light\tie_mauler\wheell1.ply","13075","TIE or X-wing path keyword"
"shattered-galaxy","resource\entity\-vehicle_star_wars\light\tie_mauler\wheell10.ply","22651","TIE or X-wing path keyword"
"shattered-galaxy","resource\entity\-vehicle_star_wars\light\tie_mauler\wheell2.ply","3235","TIE or X-wing path keyword"
"shattered-galaxy","resource\entity\-vehicle_star_wars\light\tie_mauler\wheell3.ply","3235","TIE or X-wing path keyword"
"shattered-galaxy","resource\entity\-vehicle_star_wars\light\tie_mauler\wheell4.ply","3235","TIE or X-wing path keyword"
"shattered-galaxy","resource\entity\-vehicle_star_wars\light\tie_mauler\wheell5.ply","3235","TIE or X-wing path keyword"
"shattered-galaxy","resource\entity\-vehicle_star_wars\light\tie_mauler\wheell6.ply","3235","TIE or X-wing path keyword"
"shattered-galaxy","resource\entity\-vehicle_star_wars\light\tie_mauler\wheell7.ply","3235","TIE or X-wing path keyword"
"shattered-galaxy","resource\entity\-vehicle_star_wars\light\tie_mauler\wheell8.ply","3235","TIE or X-wing path keyword"
"shattered-galaxy","resource\entity\-vehicle_star_wars\light\tie_mauler\wheell9.ply","3235","TIE or X-wing path keyword"
"shattered-galaxy","resource\entity\-vehicle_star_wars\light\tie_mauler\wheelr1.ply","13079","TIE or X-wing path keyword"
"shattered-galaxy","resource\entity\-vehicle_star_wars\light\tie_mauler\wheelr10.ply","22459","TIE or X-wing path keyword"
"shattered-galaxy","resource\entity\-vehicle_star_wars\light\tie_mauler\wheelr2.ply","3235","TIE or X-wing path keyword"
"shattered-galaxy","resource\entity\-vehicle_star_wars\light\tie_mauler\wheelr3.ply","3235","TIE or X-wing path keyword"
"shattered-galaxy","resource\entity\-vehicle_star_wars\light\tie_mauler\wheelr4.ply","3235","TIE or X-wing path keyword"
"shattered-galaxy","resource\entity\-vehicle_star_wars\light\tie_mauler\wheelr5.ply","3235","TIE or X-wing path keyword"
"shattered-galaxy","resource\entity\-vehicle_star_wars\light\tie_mauler\wheelr6.ply","3235","TIE or X-wing path keyword"
"shattered-galaxy","resource\entity\-vehicle_star_wars\light\tie_mauler\wheelr7.ply","3235","TIE or X-wing path keyword"
"shattered-galaxy","resource\entity\-vehicle_star_wars\light\tie_mauler\wheelr8.ply","3235","TIE or X-wing path keyword"
"shattered-galaxy","resource\entity\-vehicle_star_wars\light\tie_mauler\wheelr9.ply","3235","TIE or X-wing path keyword"
"shattered-galaxy","resource\entity\-vehicle_star_wars\light\tie_mauler\wheelsl.ply","23323","TIE or X-wing path keyword"
"shattered-galaxy","resource\entity\-vehicle_star_wars\light\tie_mauler\wheelsr.ply","23131","TIE or X-wing path keyword"
"shattered-galaxy","resource\entity\-vehicle_star_wars\light\x\tie_mauler_xx\14_-_default.mtl","55","TIE or X-wing path keyword"
"shattered-galaxy","resource\entity\-vehicle_star_wars\light\x\tie_mauler_xx\anim.txt","68774","TIE or X-wing path keyword"
"shattered-galaxy","resource\entity\-vehicle_star_wars\light\x\tie_mauler_xx\body.ply","267334","TIE or X-wing path keyword"
"shattered-galaxy","resource\entity\-vehicle_star_wars\light\x\tie_mauler_xx\body.vol","1612","TIE or X-wing path keyword"
"shattered-galaxy","resource\entity\-vehicle_star_wars\light\x\tie_mauler_xx\body_r.anm","2949","TIE or X-wing path keyword"
"shattered-galaxy","resource\entity\-vehicle_star_wars\light\x\tie_mauler_xx\crew.vol","208","TIE or X-wing path keyword"
"shattered-galaxy","resource\entity\-vehicle_star_wars\light\x\tie_mauler_xx\engine.vol","208","TIE or X-wing path keyword"
"shattered-galaxy","resource\entity\-vehicle_star_wars\light\x\tie_mauler_xx\enumerator.ply","616","TIE or X-wing path keyword"
"shattered-galaxy","resource\entity\-vehicle_star_wars\light\x\tie_mauler_xx\hit.anm","5393","TIE or X-wing path keyword"
"shattered-galaxy","resource\entity\-vehicle_star_wars\light\x\tie_mauler_xx\imp_tiefighter_c.dds","699192","TIE or X-wing path keyword"
"shattered-galaxy","resource\entity\-vehicle_star_wars\light\x\tie_mauler_xx\material#1.mtl","121","TIE or X-wing path keyword"
"shattered-galaxy","resource\entity\-vehicle_star_wars\light\x\tie_mauler_xx\material#2.mtl","122","TIE or X-wing path keyword"
"shattered-galaxy","resource\entity\-vehicle_star_wars\light\x\tie_mauler_xx\number1.mtl","69","TIE or X-wing path keyword"
"shattered-galaxy","resource\entity\-vehicle_star_wars\light\x\tie_mauler_xx\number2.mtl","69","TIE or X-wing path keyword"
"shattered-galaxy","resource\entity\-vehicle_star_wars\light\x\tie_mauler_xx\number3.mtl","69","TIE or X-wing path keyword"
"shattered-galaxy","resource\entity\-vehicle_star_wars\light\x\tie_mauler_xx\open.anm","2949","TIE or X-wing path keyword"
"shattered-galaxy","resource\entity\-vehicle_star_wars\light\x\tie_mauler_xx\open_driver.anm","2949","TIE or X-wing path keyword"
"shattered-galaxy","resource\entity\-vehicle_star_wars\light\x\tie_mauler_xx\pz4g.dds","22000","TIE or X-wing path keyword"
"shattered-galaxy","resource\entity\-vehicle_star_wars\light\x\tie_mauler_xx\pz4g_n.dds","11064","TIE or X-wing path keyword"
"shattered-galaxy","resource\entity\-vehicle_star_wars\light\x\tie_mauler_xx\pz4g_s.dds","11064","TIE or X-wing path keyword"
"shattered-galaxy","resource\entity\-vehicle_star_wars\light\x\tie_mauler_xx\shieldl.ply","2145","TIE or X-wing path keyword"
"shattered-galaxy","resource\entity\-vehicle_star_wars\light\x\tie_mauler_xx\shieldr.ply","2145","TIE or X-wing path keyword"
"shattered-galaxy","resource\entity\-vehicle_star_wars\light\x\tie_mauler_xx\start.anm","2949","TIE or X-wing path keyword"
"shattered-galaxy","resource\entity\-vehicle_star_wars\light\x\tie_mauler_xx\stop.anm","2949","TIE or X-wing path keyword"
"shattered-galaxy","resource\entity\-vehicle_star_wars\light\x\tie_mauler_xx\tex2_0.bmp","70","TIE or X-wing path keyword"
"shattered-galaxy","resource\entity\-vehicle_star_wars\light\x\tie_mauler_xx\tie.mtl","65","TIE or X-wing path keyword"
"shattered-galaxy","resource\entity\-vehicle_star_wars\light\x\tie_mauler_xx\tie_mauler_xx.def","55","TIE or X-wing path keyword"
"shattered-galaxy","resource\entity\-vehicle_star_wars\light\x\tie_mauler_xx\tie_mauler_xx.mdl","8119","TIE or X-wing path keyword"
"shattered-galaxy","resource\entity\-vehicle_star_wars\light\x\tie_mauler_xx\track#1.mtl","120","TIE or X-wing path keyword"
"shattered-galaxy","resource\entity\-vehicle_star_wars\light\x\tie_mauler_xx\track#2.mtl","120","TIE or X-wing path keyword"
"shattered-galaxy","resource\entity\-vehicle_star_wars\light\x\tie_mauler_xx\track#3.mtl","120","TIE or X-wing path keyword"
"shattered-galaxy","resource\entity\-vehicle_star_wars\light\x\tie_mauler_xx\track#4.mtl","120","TIE or X-wing path keyword"
"shattered-galaxy","resource\entity\-vehicle_star_wars\light\x\tie_mauler_xx\track#5.mtl","120","TIE or X-wing path keyword"
"shattered-galaxy","resource\entity\-vehicle_star_wars\light\x\tie_mauler_xx\trackl.ply","10414","TIE or X-wing path keyword"
"shattered-galaxy","resource\entity\-vehicle_star_wars\light\x\tie_mauler_xx\trackleft.vol","208","TIE or X-wing path keyword"
"shattered-galaxy","resource\entity\-vehicle_star_wars\light\x\tie_mauler_xx\trackr.ply","10554","TIE or X-wing path keyword"
"shattered-galaxy","resource\entity\-vehicle_star_wars\light\x\tie_mauler_xx\trackright.vol","208","TIE or X-wing path keyword"
"shattered-galaxy","resource\entity\-vehicle_star_wars\light\x\tie_mauler_xx\wheell1.ply","13075","TIE or X-wing path keyword"
"shattered-galaxy","resource\entity\-vehicle_star_wars\light\x\tie_mauler_xx\wheell10.ply","22651","TIE or X-wing path keyword"
"shattered-galaxy","resource\entity\-vehicle_star_wars\light\x\tie_mauler_xx\wheell2.ply","3235","TIE or X-wing path keyword"
"shattered-galaxy","resource\entity\-vehicle_star_wars\light\x\tie_mauler_xx\wheell3.ply","3235","TIE or X-wing path keyword"
"shattered-galaxy","resource\entity\-vehicle_star_wars\light\x\tie_mauler_xx\wheell4.ply","3235","TIE or X-wing path keyword"
"shattered-galaxy","resource\entity\-vehicle_star_wars\light\x\tie_mauler_xx\wheell5.ply","3235","TIE or X-wing path keyword"
"shattered-galaxy","resource\entity\-vehicle_star_wars\light\x\tie_mauler_xx\wheell6.ply","3235","TIE or X-wing path keyword"
"shattered-galaxy","resource\entity\-vehicle_star_wars\light\x\tie_mauler_xx\wheell7.ply","3235","TIE or X-wing path keyword"
"shattered-galaxy","resource\entity\-vehicle_star_wars\light\x\tie_mauler_xx\wheell8.ply","3235","TIE or X-wing path keyword"
"shattered-galaxy","resource\entity\-vehicle_star_wars\light\x\tie_mauler_xx\wheell9.ply","3235","TIE or X-wing path keyword"
"shattered-galaxy","resource\entity\-vehicle_star_wars\light\x\tie_mauler_xx\wheelr1.ply","13079","TIE or X-wing path keyword"
"shattered-galaxy","resource\entity\-vehicle_star_wars\light\x\tie_mauler_xx\wheelr10.ply","22459","TIE or X-wing path keyword"
"shattered-galaxy","resource\entity\-vehicle_star_wars\light\x\tie_mauler_xx\wheelr2.ply","3235","TIE or X-wing path keyword"
"shattered-galaxy","resource\entity\-vehicle_star_wars\light\x\tie_mauler_xx\wheelr3.ply","3235","TIE or X-wing path keyword"
"shattered-galaxy","resource\entity\-vehicle_star_wars\light\x\tie_mauler_xx\wheelr4.ply","3235","TIE or X-wing path keyword"
"shattered-galaxy","resource\entity\-vehicle_star_wars\light\x\tie_mauler_xx\wheelr5.ply","3235","TIE or X-wing path keyword"
"shattered-galaxy","resource\entity\-vehicle_star_wars\light\x\tie_mauler_xx\wheelr6.ply","3235","TIE or X-wing path keyword"
"shattered-galaxy","resource\entity\-vehicle_star_wars\light\x\tie_mauler_xx\wheelr7.ply","3235","TIE or X-wing path keyword"
"shattered-galaxy","resource\entity\-vehicle_star_wars\light\x\tie_mauler_xx\wheelr8.ply","3235","TIE or X-wing path keyword"
"shattered-galaxy","resource\entity\-vehicle_star_wars\light\x\tie_mauler_xx\wheelr9.ply","3235","TIE or X-wing path keyword"
"shattered-galaxy","resource\entity\-vehicle_star_wars\light\x\tie_mauler_xx\wheelsl.ply","23323","TIE or X-wing path keyword"
"shattered-galaxy","resource\entity\-vehicle_star_wars\light\x\tie_mauler_xx\wheelsr.ply","23131","TIE or X-wing path keyword"
"shattered-galaxy","resource\entity\-vehicle_star_wars\medium\tie_crawler\body.ply","49459","TIE or X-wing path keyword"
"shattered-galaxy","resource\entity\-vehicle_star_wars\medium\tie_crawler\body.vol","3198","TIE or X-wing path keyword"
"shattered-galaxy","resource\entity\-vehicle_star_wars\medium\tie_crawler\body2.vol","700","TIE or X-wing path keyword"
"shattered-galaxy","resource\entity\-vehicle_star_wars\medium\tie_crawler\body3.vol","700","TIE or X-wing path keyword"
"shattered-galaxy","resource\entity\-vehicle_star_wars\medium\tie_crawler\crawler_turbolaser_turbolaser_ddna.dds","87536","TIE or X-wing path keyword"
"shattered-galaxy","resource\entity\-vehicle_star_wars\medium\tie_crawler\crawler_turbolaser_turbolaser_diff.tga","196652","TIE or X-wing path keyword"
"shattered-galaxy","resource\entity\-vehicle_star_wars\medium\tie_crawler\crawler_turbolaser_turbolaser_spec.tga","196652","TIE or X-wing path keyword"
"shattered-galaxy","resource\entity\-vehicle_star_wars\medium\tie_crawler\engine.ply","8983","TIE or X-wing path keyword"
"shattered-galaxy","resource\entity\-vehicle_star_wars\medium\tie_crawler\engine.vol","1040","TIE or X-wing path keyword"
"shattered-galaxy","resource\entity\-vehicle_star_wars\medium\tie_crawler\gun.ply","7051","TIE or X-wing path keyword"
"shattered-galaxy","resource\entity\-vehicle_star_wars\medium\tie_crawler\imp_fly_tiefighter.tga","786476","TIE or X-wing path keyword"
"shattered-galaxy","resource\entity\-vehicle_star_wars\medium\tie_crawler\material_1.mtl","67","TIE or X-wing path keyword"
"shattered-galaxy","resource\entity\-vehicle_star_wars\medium\tie_crawler\material_2.mtl","66","TIE or X-wing path keyword"
"shattered-galaxy","resource\entity\-vehicle_star_wars\medium\tie_crawler\tie_crawler.def","2468","TIE or X-wing path keyword"
"shattered-galaxy","resource\entity\-vehicle_star_wars\medium\tie_crawler\tie_crawler.mdl","4972","TIE or X-wing path keyword"
"shattered-galaxy","resource\entity\-vehicle_star_wars\medium\tie_crawler\tie_crawler_parts.tga","4194348","TIE or X-wing path keyword"
"shattered-galaxy","resource\entity\-vehicle_star_wars\medium\tie_crawler\trackl.ply","5399","TIE or X-wing path keyword"
"shattered-galaxy","resource\entity\-vehicle_star_wars\medium\tie_crawler\trackleft.vol","416","TIE or X-wing path keyword"
"shattered-galaxy","resource\entity\-vehicle_star_wars\medium\tie_crawler\trackr.ply","5272","TIE or X-wing path keyword"
"shattered-galaxy","resource\entity\-vehicle_star_wars\medium\tie_crawler\trackright.vol","416","TIE or X-wing path keyword"
"shattered-galaxy","resource\entity\-vehicle_star_wars\medium\tie_crawler\tread.tga","196652","TIE or X-wing path keyword"
"shattered-galaxy","resource\entity\-vehicle_star_wars\medium\tie_crawler\tread_left.mtl","54","TIE or X-wing path keyword"
"shattered-galaxy","resource\entity\-vehicle_star_wars\medium\tie_crawler\tread_right.mtl","54","TIE or X-wing path keyword"
"shattered-galaxy","resource\entity\-vehicle_star_wars\medium\tie_crawler\turbolaser.mtl","204","TIE or X-wing path keyword"
"shattered-galaxy","resource\entity\-vehicle_star_wars\medium\tie_crawler\turret.ply","11251","TIE or X-wing path keyword"
"shattered-galaxy","resource\entity\-vehicle_star_wars\medium\tie_crawler\turretbase.ply","2611","TIE or X-wing path keyword"
"shattered-galaxy","resource\entity\-vehicle_star_wars\medium\tie_crawler\wheelsl.ply","19258","TIE or X-wing path keyword"
"shattered-galaxy","resource\entity\-vehicle_star_wars\medium\tie_crawler\wheelsr.ply","19066","TIE or X-wing path keyword"
"shattered-galaxy","resource\entity\-vehicle_star_wars\medium\x\tie_crawler_xx\body.ply","49459","TIE or X-wing path keyword"
"shattered-galaxy","resource\entity\-vehicle_star_wars\medium\x\tie_crawler_xx\body.vol","3198","TIE or X-wing path keyword"
"shattered-galaxy","resource\entity\-vehicle_star_wars\medium\x\tie_crawler_xx\body2.vol","700","TIE or X-wing path keyword"
"shattered-galaxy","resource\entity\-vehicle_star_wars\medium\x\tie_crawler_xx\body3.vol","700","TIE or X-wing path keyword"
"shattered-galaxy","resource\entity\-vehicle_star_wars\medium\x\tie_crawler_xx\crawler_turbolaser_turbolaser_ddna.dds","87536","TIE or X-wing path keyword"
"shattered-galaxy","resource\entity\-vehicle_star_wars\medium\x\tie_crawler_xx\crawler_turbolaser_turbolaser_diff.tga","196652","TIE or X-wing path keyword"
"shattered-galaxy","resource\entity\-vehicle_star_wars\medium\x\tie_crawler_xx\crawler_turbolaser_turbolaser_spec.tga","196652","TIE or X-wing path keyword"
"shattered-galaxy","resource\entity\-vehicle_star_wars\medium\x\tie_crawler_xx\engine.ply","8983","TIE or X-wing path keyword"
"shattered-galaxy","resource\entity\-vehicle_star_wars\medium\x\tie_crawler_xx\engine.vol","1040","TIE or X-wing path keyword"
"shattered-galaxy","resource\entity\-vehicle_star_wars\medium\x\tie_crawler_xx\gun.ply","7051","TIE or X-wing path keyword"
"shattered-galaxy","resource\entity\-vehicle_star_wars\medium\x\tie_crawler_xx\imp_fly_tiefighter.tga","786476","TIE or X-wing path keyword"
"shattered-galaxy","resource\entity\-vehicle_star_wars\medium\x\tie_crawler_xx\material_1.mtl","67","TIE or X-wing path keyword"
"shattered-galaxy","resource\entity\-vehicle_star_wars\medium\x\tie_crawler_xx\material_2.mtl","66","TIE or X-wing path keyword"
"shattered-galaxy","resource\entity\-vehicle_star_wars\medium\x\tie_crawler_xx\tie_crawler_parts.tga","4194348","TIE or X-wing path keyword"
"shattered-galaxy","resource\entity\-vehicle_star_wars\medium\x\tie_crawler_xx\tie_crawler_xx.def","52","TIE or X-wing path keyword"
"shattered-galaxy","resource\entity\-vehicle_star_wars\medium\x\tie_crawler_xx\tie_crawler_xx.mdl","4992","TIE or X-wing path keyword"
"shattered-galaxy","resource\entity\-vehicle_star_wars\medium\x\tie_crawler_xx\trackl.ply","5399","TIE or X-wing path keyword"
"shattered-galaxy","resource\entity\-vehicle_star_wars\medium\x\tie_crawler_xx\trackleft_vol_.vol","416","TIE or X-wing path keyword"
"shattered-galaxy","resource\entity\-vehicle_star_wars\medium\x\tie_crawler_xx\trackr.ply","5272","TIE or X-wing path keyword"
"shattered-galaxy","resource\entity\-vehicle_star_wars\medium\x\tie_crawler_xx\trackright_vol_.vol","416","TIE or X-wing path keyword"
"shattered-galaxy","resource\entity\-vehicle_star_wars\medium\x\tie_crawler_xx\tread.tga","196652","TIE or X-wing path keyword"
"shattered-galaxy","resource\entity\-vehicle_star_wars\medium\x\tie_crawler_xx\tread_left.mtl","54","TIE or X-wing path keyword"
"shattered-galaxy","resource\entity\-vehicle_star_wars\medium\x\tie_crawler_xx\tread_right.mtl","54","TIE or X-wing path keyword"
"shattered-galaxy","resource\entity\-vehicle_star_wars\medium\x\tie_crawler_xx\turbolaser.mtl","204","TIE or X-wing path keyword"
"shattered-galaxy","resource\entity\-vehicle_star_wars\medium\x\tie_crawler_xx\turret.ply","11251","TIE or X-wing path keyword"
"shattered-galaxy","resource\entity\-vehicle_star_wars\medium\x\tie_crawler_xx\turretbase.ply","2611","TIE or X-wing path keyword"
"shattered-galaxy","resource\entity\-vehicle_star_wars\medium\x\tie_crawler_xx\wheelsl.ply","19258","TIE or X-wing path keyword"
"shattered-galaxy","resource\entity\-vehicle_star_wars\medium\x\tie_crawler_xx\wheelsr.ply","19066","TIE or X-wing path keyword"
"shattered-galaxy","resource\entity\-vehicle_star_wars\z_unused\tie_ad\body.mtl","201","TIE or X-wing path keyword"
"shattered-galaxy","resource\entity\-vehicle_star_wars\z_unused\tie_ad\body.ply","1417598","TIE or X-wing path keyword"
"shattered-galaxy","resource\entity\-vehicle_star_wars\z_unused\tie_ad\body.vol","12532","TIE or X-wing path keyword"
"shattered-galaxy","resource\entity\-vehicle_star_wars\z_unused\tie_ad\body1.vol","3796","TIE or X-wing path keyword"
"shattered-galaxy","resource\entity\-vehicle_star_wars\z_unused\tie_ad\tie_ad.def","2054","TIE or X-wing path keyword"
"shattered-galaxy","resource\entity\-vehicle_star_wars\z_unused\tie_ad\tie_advanced_x1.mdl","1990","TIE or X-wing path keyword"
"shattered-galaxy","resource\entity\-vehicle_star_wars\z_unused\tie_ad\window.mtl","195","TIE or X-wing path keyword"
"shattered-galaxy","resource\entity\-vehicle_star_wars\z_unused\tie_ad\wingl.ply","610036","TIE or X-wing path keyword"
"shattered-galaxy","resource\entity\-vehicle_star_wars\z_unused\tie_ad\wingl.vol","416","TIE or X-wing path keyword"
"shattered-galaxy","resource\entity\-vehicle_star_wars\z_unused\tie_ad\wingr.ply","610036","TIE or X-wing path keyword"
"shattered-galaxy","resource\entity\-vehicle_star_wars\z_unused\tie_ad\wingr.vol","416","TIE or X-wing path keyword"
"shattered-galaxy","resource\entity\-vehicle_star_wars\z_unused\tie_ad\wings.mtl","201","TIE or X-wing path keyword"
"shattered-galaxy","resource\entity\-vehicle_star_wars\z_unused\x\tie_ad_xx\body.mtl","201","TIE or X-wing path keyword"
"shattered-galaxy","resource\entity\-vehicle_star_wars\z_unused\x\tie_ad_xx\body.ply","1417598","TIE or X-wing path keyword"
"shattered-galaxy","resource\entity\-vehicle_star_wars\z_unused\x\tie_ad_xx\body.vol","12532","TIE or X-wing path keyword"
"shattered-galaxy","resource\entity\-vehicle_star_wars\z_unused\x\tie_ad_xx\body1.vol","3796","TIE or X-wing path keyword"
"shattered-galaxy","resource\entity\-vehicle_star_wars\z_unused\x\tie_ad_xx\tie_ad_xx.def","47","TIE or X-wing path keyword"
"shattered-galaxy","resource\entity\-vehicle_star_wars\z_unused\x\tie_ad_xx\tie_ad_xx.mdl","1990","TIE or X-wing path keyword"
"shattered-galaxy","resource\entity\-vehicle_star_wars\z_unused\x\tie_ad_xx\window.mtl","195","TIE or X-wing path keyword"
"shattered-galaxy","resource\entity\-vehicle_star_wars\z_unused\x\tie_ad_xx\wingl.ply","610036","TIE or X-wing path keyword"
"shattered-galaxy","resource\entity\-vehicle_star_wars\z_unused\x\tie_ad_xx\wingl.vol","416","TIE or X-wing path keyword"
"shattered-galaxy","resource\entity\-vehicle_star_wars\z_unused\x\tie_ad_xx\wingr.ply","610036","TIE or X-wing path keyword"
"shattered-galaxy","resource\entity\-vehicle_star_wars\z_unused\x\tie_ad_xx\wingr.vol","416","TIE or X-wing path keyword"
"shattered-galaxy","resource\entity\-vehicle_star_wars\z_unused\x\tie_ad_xx\wings.mtl","201","TIE or X-wing path keyword"
"shattered-galaxy","resource\entity\construction_starwars\-GF_ships\goh_tie_reaper\2903.bmp","262198","TIE or X-wing path keyword"
"shattered-galaxy","resource\entity\construction_starwars\-GF_ships\goh_tie_reaper\body.vol","45041","TIE or X-wing path keyword"
"shattered-galaxy","resource\entity\construction_starwars\-GF_ships\goh_tie_reaper\goh_tie_reaper.def","131","TIE or X-wing path keyword"
"shattered-galaxy","resource\entity\construction_starwars\-GF_ships\goh_tie_reaper\goh_tie_reaper.mdl","514","TIE or X-wing path keyword"
"shattered-galaxy","resource\entity\construction_starwars\-GF_ships\goh_tie_reaper\goh_tie_reaper.ply","98757","TIE or X-wing path keyword"
"shattered-galaxy","resource\entity\construction_starwars\-GF_ships\goh_tie_reaper\material_#1855.mtl","53","TIE or X-wing path keyword"
"shattered-galaxy","resource\entity\construction_starwars\-GF_ships\goh_tie_reaper\material_#1941.mtl","86","TIE or X-wing path keyword"
"shattered-galaxy","resource\entity\construction_starwars\-GF_ships\goh_tie_reaper\ship_deathtrooper_shuttle_tex - kopie.png","82164","TIE or X-wing path keyword"
"shattered-galaxy","resource\entity\construction_starwars\construction\entourage\crosstie\tie.mtl","71","TIE or X-wing path keyword"
"shattered-galaxy","resource\entity\construction_starwars\construction\entourage\crosstie1\tie.mtl","71","TIE or X-wing path keyword"
"shattered-galaxy","resource\entity\construction_starwars\construction\entourage\rail\tie.mtl","71","TIE or X-wing path keyword"
"shattered-galaxy","resource\entity\construction_starwars\construction\entourage\rail1\tie.mtl","71","TIE or X-wing path keyword"
"shattered-galaxy","resource\entity\construction_starwars\construction\entourage\x\crosstie1_x\tie.mtl","71","TIE or X-wing path keyword"
"shattered-galaxy","resource\entity\construction_starwars\construction\entourage\x\crosstie_x\tie.mtl","71","TIE or X-wing path keyword"
"shattered-galaxy","resource\entity\construction_starwars\construction\entourage\x\rail1_x\tie.mtl","71","TIE or X-wing path keyword"
"shattered-galaxy","resource\entity\construction_starwars\construction\entourage\x\rail_x\tie.mtl","71","TIE or X-wing path keyword"
"shattered-galaxy","resource\entity\construction_starwars\entities\static_vehicles\- Factories\- Docked TIEs\tie_docked_advanced\body.mtl","201","TIE or X-wing path keyword"
"shattered-galaxy","resource\entity\construction_starwars\entities\static_vehicles\- Factories\- Docked TIEs\tie_docked_advanced\body.ply","1417598","TIE or X-wing path keyword"
"shattered-galaxy","resource\entity\construction_starwars\entities\static_vehicles\- Factories\- Docked TIEs\tie_docked_advanced\body.vol","12532","TIE or X-wing path keyword"
"shattered-galaxy","resource\entity\construction_starwars\entities\static_vehicles\- Factories\- Docked TIEs\tie_docked_advanced\body1.vol","3796","TIE or X-wing path keyword"
"shattered-galaxy","resource\entity\construction_starwars\entities\static_vehicles\- Factories\- Docked TIEs\tie_docked_advanced\dock.mtl","101","TIE or X-wing path keyword"
"shattered-galaxy","resource\entity\construction_starwars\entities\static_vehicles\- Factories\- Docked TIEs\tie_docked_advanced\dock.ply","13905","TIE or X-wing path keyword"
"shattered-galaxy","resource\entity\construction_starwars\entities\static_vehicles\- Factories\- Docked TIEs\tie_docked_advanced\tie_docked_advanced.def","846","TIE or X-wing path keyword"
"shattered-galaxy","resource\entity\construction_starwars\entities\static_vehicles\- Factories\- Docked TIEs\tie_docked_advanced\tie_docked_advanced.mdl","1489","TIE or X-wing path keyword"
"shattered-galaxy","resource\entity\construction_starwars\entities\static_vehicles\- Factories\- Docked TIEs\tie_docked_advanced\up1.vol","416","TIE or X-wing path keyword"
"shattered-galaxy","resource\entity\construction_starwars\entities\static_vehicles\- Factories\- Docked TIEs\tie_docked_advanced\up2.vol","416","TIE or X-wing path keyword"
"shattered-galaxy","resource\entity\construction_starwars\entities\static_vehicles\- Factories\- Docked TIEs\tie_docked_advanced\window.mtl","195","TIE or X-wing path keyword"
"shattered-galaxy","resource\entity\construction_starwars\entities\static_vehicles\- Factories\- Docked TIEs\tie_docked_advanced\wingl.ply","610036","TIE or X-wing path keyword"
"shattered-galaxy","resource\entity\construction_starwars\entities\static_vehicles\- Factories\- Docked TIEs\tie_docked_advanced\wingl.vol","416","TIE or X-wing path keyword"
"shattered-galaxy","resource\entity\construction_starwars\entities\static_vehicles\- Factories\- Docked TIEs\tie_docked_advanced\wingr.ply","610036","TIE or X-wing path keyword"
"shattered-galaxy","resource\entity\construction_starwars\entities\static_vehicles\- Factories\- Docked TIEs\tie_docked_advanced\wingr.vol","416","TIE or X-wing path keyword"
"shattered-galaxy","resource\entity\construction_starwars\entities\static_vehicles\- Factories\- Docked TIEs\tie_docked_advanced\wings.mtl","201","TIE or X-wing path keyword"
"shattered-galaxy","resource\entity\construction_starwars\entities\static_vehicles\- Factories\- Docked TIEs\tie_docked_bomber\body.ply","378691","TIE or X-wing path keyword"
"shattered-galaxy","resource\entity\construction_starwars\entities\static_vehicles\- Factories\- Docked TIEs\tie_docked_bomber\body.vol","416","TIE or X-wing path keyword"
"shattered-galaxy","resource\entity\construction_starwars\entities\static_vehicles\- Factories\- Docked TIEs\tie_docked_bomber\bomber.mtl","183","TIE or X-wing path keyword"
"shattered-galaxy","resource\entity\construction_starwars\entities\static_vehicles\- Factories\- Docked TIEs\tie_docked_bomber\dock.mtl","101","TIE or X-wing path keyword"
"shattered-galaxy","resource\entity\construction_starwars\entities\static_vehicles\- Factories\- Docked TIEs\tie_docked_bomber\dock.ply","13905","TIE or X-wing path keyword"
"shattered-galaxy","resource\entity\construction_starwars\entities\static_vehicles\- Factories\- Docked TIEs\tie_docked_bomber\tie_docked_bomber.def","1040","TIE or X-wing path keyword"
"shattered-galaxy","resource\entity\construction_starwars\entities\static_vehicles\- Factories\- Docked TIEs\tie_docked_bomber\tie_docked_bomber.mdl","1808","TIE or X-wing path keyword"
"shattered-galaxy","resource\entity\construction_starwars\entities\static_vehicles\- Factories\- Docked TIEs\tie_docked_bomber\up1.vol","416","TIE or X-wing path keyword"
"shattered-galaxy","resource\entity\construction_starwars\entities\static_vehicles\- Factories\- Docked TIEs\tie_docked_bomber\up2.vol","416","TIE or X-wing path keyword"
"shattered-galaxy","resource\entity\construction_starwars\entities\static_vehicles\- Factories\- Docked TIEs\tie_docked_bomber\wingl.ply","140975","TIE or X-wing path keyword"
"shattered-galaxy","resource\entity\construction_starwars\entities\static_vehicles\- Factories\- Docked TIEs\tie_docked_bomber\wingl.vol","416","TIE or X-wing path keyword"
"shattered-galaxy","resource\entity\construction_starwars\entities\static_vehicles\- Factories\- Docked TIEs\tie_docked_bomber\wingr.ply","140835","TIE or X-wing path keyword"
"shattered-galaxy","resource\entity\construction_starwars\entities\static_vehicles\- Factories\- Docked TIEs\tie_docked_bomber\wingr.vol","416","TIE or X-wing path keyword"
"shattered-galaxy","resource\entity\construction_starwars\entities\static_vehicles\- Factories\- Docked TIEs\tie_docked_fighter\body.mtl","195","TIE or X-wing path keyword"
"shattered-galaxy","resource\entity\construction_starwars\entities\static_vehicles\- Factories\- Docked TIEs\tie_docked_fighter\body.ply","660920","TIE or X-wing path keyword"
"shattered-galaxy","resource\entity\construction_starwars\entities\static_vehicles\- Factories\- Docked TIEs\tie_docked_fighter\body.vol","12532","TIE or X-wing path keyword"
"shattered-galaxy","resource\entity\construction_starwars\entities\static_vehicles\- Factories\- Docked TIEs\tie_docked_fighter\dock.mtl","101","TIE or X-wing path keyword"
"shattered-galaxy","resource\entity\construction_starwars\entities\static_vehicles\- Factories\- Docked TIEs\tie_docked_fighter\dock.ply","13905","TIE or X-wing path keyword"
"shattered-galaxy","resource\entity\construction_starwars\entities\static_vehicles\- Factories\- Docked TIEs\tie_docked_fighter\tie_docked_fighter.def","747","TIE or X-wing path keyword"
"shattered-galaxy","resource\entity\construction_starwars\entities\static_vehicles\- Factories\- Docked TIEs\tie_docked_fighter\tie_docked_fighter.mdl","1441","TIE or X-wing path keyword"
"shattered-galaxy","resource\entity\construction_starwars\entities\static_vehicles\- Factories\- Docked TIEs\tie_docked_fighter\up1.vol","416","TIE or X-wing path keyword"
"shattered-galaxy","resource\entity\construction_starwars\entities\static_vehicles\- Factories\- Docked TIEs\tie_docked_fighter\up2.vol","416","TIE or X-wing path keyword"
"shattered-galaxy","resource\entity\construction_starwars\entities\static_vehicles\- Factories\- Docked TIEs\tie_docked_fighter\window.mtl","195","TIE or X-wing path keyword"
"shattered-galaxy","resource\entity\construction_starwars\entities\static_vehicles\- Factories\- Docked TIEs\tie_docked_fighter\wingl.ply","1736380","TIE or X-wing path keyword"
"shattered-galaxy","resource\entity\construction_starwars\entities\static_vehicles\- Factories\- Docked TIEs\tie_docked_fighter\wingl.vol","312","TIE or X-wing path keyword"
"shattered-galaxy","resource\entity\construction_starwars\entities\static_vehicles\- Factories\- Docked TIEs\tie_docked_fighter\wingr.ply","1043548","TIE or X-wing path keyword"
"shattered-galaxy","resource\entity\construction_starwars\entities\static_vehicles\- Factories\- Docked TIEs\tie_docked_fighter\wingr.vol","312","TIE or X-wing path keyword"
"shattered-galaxy","resource\entity\construction_starwars\entities\static_vehicles\- Factories\- Docked TIEs\tie_docked_fighter\wings.mtl","195","TIE or X-wing path keyword"
"shattered-galaxy","resource\entity\construction_starwars\entities\static_vehicles\- Factories\- Docked TIEs\tie_docked_interceptor\body.mtl","199","TIE or X-wing path keyword"
"shattered-galaxy","resource\entity\construction_starwars\entities\static_vehicles\- Factories\- Docked TIEs\tie_docked_interceptor\body.ply","660920","TIE or X-wing path keyword"
"shattered-galaxy","resource\entity\construction_starwars\entities\static_vehicles\- Factories\- Docked TIEs\tie_docked_interceptor\body.vol","12532","TIE or X-wing path keyword"
"shattered-galaxy","resource\entity\construction_starwars\entities\static_vehicles\- Factories\- Docked TIEs\tie_docked_interceptor\dock.mtl","101","TIE or X-wing path keyword"
"shattered-galaxy","resource\entity\construction_starwars\entities\static_vehicles\- Factories\- Docked TIEs\tie_docked_interceptor\dock.ply","13905","TIE or X-wing path keyword"
"shattered-galaxy","resource\entity\construction_starwars\entities\static_vehicles\- Factories\- Docked TIEs\tie_docked_interceptor\tie_docked_interceptor.def","751","TIE or X-wing path keyword"
"shattered-galaxy","resource\entity\construction_starwars\entities\static_vehicles\- Factories\- Docked TIEs\tie_docked_interceptor\tie_docked_interceptor.mdl","1884","TIE or X-wing path keyword"
"shattered-galaxy","resource\entity\construction_starwars\entities\static_vehicles\- Factories\- Docked TIEs\tie_docked_interceptor\up1.vol","416","TIE or X-wing path keyword"
"shattered-galaxy","resource\entity\construction_starwars\entities\static_vehicles\- Factories\- Docked TIEs\tie_docked_interceptor\up2.vol","416","TIE or X-wing path keyword"
"shattered-galaxy","resource\entity\construction_starwars\entities\static_vehicles\- Factories\- Docked TIEs\tie_docked_interceptor\window.mtl","195","TIE or X-wing path keyword"
"shattered-galaxy","resource\entity\construction_starwars\entities\static_vehicles\- Factories\- Docked TIEs\tie_docked_interceptor\wingl.ply","999380","TIE or X-wing path keyword"
"shattered-galaxy","resource\entity\construction_starwars\entities\static_vehicles\- Factories\- Docked TIEs\tie_docked_interceptor\wingl.vol","1560","TIE or X-wing path keyword"
"shattered-galaxy","resource\entity\construction_starwars\entities\static_vehicles\- Factories\- Docked TIEs\tie_docked_interceptor\wingls.ply","1362908","TIE or X-wing path keyword"
"shattered-galaxy","resource\entity\construction_starwars\entities\static_vehicles\- Factories\- Docked TIEs\tie_docked_interceptor\wingr.ply","999380","TIE or X-wing path keyword"
"shattered-galaxy","resource\entity\construction_starwars\entities\static_vehicles\- Factories\- Docked TIEs\tie_docked_interceptor\wingr.vol","1560","TIE or X-wing path keyword"
"shattered-galaxy","resource\entity\construction_starwars\entities\static_vehicles\- Factories\- Docked TIEs\tie_docked_interceptor\wingrs.ply","1362972","TIE or X-wing path keyword"
"shattered-galaxy","resource\entity\construction_starwars\entities\static_vehicles\- Factories\- Docked TIEs\tie_docked_interceptor\wings.mtl","203","TIE or X-wing path keyword"
"shattered-galaxy","resource\entity\construction_starwars\entities\static_vehicles\- Factories\- Docked TIEs\tie_docked_interdictor\body.ply","313803","TIE or X-wing path keyword"
"shattered-galaxy","resource\entity\construction_starwars\entities\static_vehicles\- Factories\- Docked TIEs\tie_docked_interdictor\body.vol","416","TIE or X-wing path keyword"
"shattered-galaxy","resource\entity\construction_starwars\entities\static_vehicles\- Factories\- Docked TIEs\tie_docked_interdictor\body2.ply","531951","TIE or X-wing path keyword"
"shattered-galaxy","resource\entity\construction_starwars\entities\static_vehicles\- Factories\- Docked TIEs\tie_docked_interdictor\bomber.mtl","183","TIE or X-wing path keyword"
"shattered-galaxy","resource\entity\construction_starwars\entities\static_vehicles\- Factories\- Docked TIEs\tie_docked_interdictor\dock.mtl","101","TIE or X-wing path keyword"
"shattered-galaxy","resource\entity\construction_starwars\entities\static_vehicles\- Factories\- Docked TIEs\tie_docked_interdictor\dock.ply","13905","TIE or X-wing path keyword"
"shattered-galaxy","resource\entity\construction_starwars\entities\static_vehicles\- Factories\- Docked TIEs\tie_docked_interdictor\tie_docked_interdictor.def","1339","TIE or X-wing path keyword"
"shattered-galaxy","resource\entity\construction_starwars\entities\static_vehicles\- Factories\- Docked TIEs\tie_docked_interdictor\tie_docked_interdictor.mdl","2409","TIE or X-wing path keyword"
"shattered-galaxy","resource\entity\construction_starwars\entities\static_vehicles\- Factories\- Docked TIEs\tie_docked_interdictor\up1.vol","416","TIE or X-wing path keyword"
"shattered-galaxy","resource\entity\construction_starwars\entities\static_vehicles\- Factories\- Docked TIEs\tie_docked_interdictor\up2.vol","416","TIE or X-wing path keyword"
"shattered-galaxy","resource\entity\construction_starwars\entities\static_vehicles\- Factories\- Docked TIEs\tie_docked_interdictor\wingl.ply","140975","TIE or X-wing path keyword"
"shattered-galaxy","resource\entity\construction_starwars\entities\static_vehicles\- Factories\- Docked TIEs\tie_docked_interdictor\wingl.vol","416","TIE or X-wing path keyword"
"shattered-galaxy","resource\entity\construction_starwars\entities\static_vehicles\- Factories\- Docked TIEs\tie_docked_interdictor\wingr.ply","140835","TIE or X-wing path keyword"
"shattered-galaxy","resource\entity\construction_starwars\entities\static_vehicles\- Factories\- Docked TIEs\tie_docked_interdictor\wingr.vol","416","TIE or X-wing path keyword"
"shattered-galaxy","resource\entity\construction_starwars\entities\static_vehicles\- Factories\- TIEs Pieces\tie_fighter_cocpite\body.mtl","195","TIE or X-wing path keyword"
"shattered-galaxy","resource\entity\construction_starwars\entities\static_vehicles\- Factories\- TIEs Pieces\tie_fighter_cocpite\body.ply","488688","TIE or X-wing path keyword"
"shattered-galaxy","resource\entity\construction_starwars\entities\static_vehicles\- Factories\- TIEs Pieces\tie_fighter_cocpite\tie_fighter_cocpite.def","232","TIE or X-wing path keyword"
"shattered-galaxy","resource\entity\construction_starwars\entities\static_vehicles\- Factories\- TIEs Pieces\tie_fighter_cocpite\tie_fighter_cocpite.mdl","619","TIE or X-wing path keyword"
"shattered-galaxy","resource\entity\construction_starwars\entities\static_vehicles\- Factories\- TIEs Pieces\tie_fighter_cocpite\window.mtl","195","TIE or X-wing path keyword"
"shattered-galaxy","resource\entity\construction_starwars\entities\static_vehicles\- Factories\- TIEs Pieces\tie_fighter_wing\tie_fighter_wing.def","230","TIE or X-wing path keyword"
"shattered-galaxy","resource\entity\construction_starwars\entities\static_vehicles\- Factories\- TIEs Pieces\tie_fighter_wing\tie_fighter_wing.mdl","642","TIE or X-wing path keyword"
"shattered-galaxy","resource\entity\construction_starwars\entities\static_vehicles\- Factories\- TIEs Pieces\tie_fighter_wing\wingr.ply","1043548","TIE or X-wing path keyword"
"shattered-galaxy","resource\entity\construction_starwars\entities\static_vehicles\- Factories\- TIEs Pieces\tie_fighter_wing\wingr.vol","312","TIE or X-wing path keyword"
"shattered-galaxy","resource\entity\construction_starwars\entities\static_vehicles\- Factories\- TIEs Pieces\tie_fighter_wing\wings.mtl","195","TIE or X-wing path keyword"
"shattered-galaxy","resource\entity\construction_starwars\entities\static_vehicles\- Factories\- TIEs Pieces\tie_interceptor_wing\tie_interceptor_wing.def","234","TIE or X-wing path keyword"
"shattered-galaxy","resource\entity\construction_starwars\entities\static_vehicles\- Factories\- TIEs Pieces\tie_interceptor_wing\tie_interceptor_wing.mdl","748","TIE or X-wing path keyword"
"shattered-galaxy","resource\entity\construction_starwars\entities\static_vehicles\- Factories\- TIEs Pieces\tie_interceptor_wing\wingl.ply","999380","TIE or X-wing path keyword"
"shattered-galaxy","resource\entity\construction_starwars\entities\static_vehicles\- Factories\- TIEs Pieces\tie_interceptor_wing\wingl.vol","1560","TIE or X-wing path keyword"
"shattered-galaxy","resource\entity\construction_starwars\entities\static_vehicles\- Factories\- TIEs Pieces\tie_interceptor_wing\wingls.ply","1362908","TIE or X-wing path keyword"
"shattered-galaxy","resource\entity\construction_starwars\entities\static_vehicles\- Factories\- TIEs Pieces\tie_interceptor_wing\wings.mtl","203","TIE or X-wing path keyword"
"shattered-galaxy","resource\entity\construction_starwars\entities\static_vehicles\x-wing_static\body.ply","961995","TIE or X-wing path keyword"
"shattered-galaxy","resource\entity\construction_starwars\entities\static_vehicles\x-wing_static\body.vol","324120","TIE or X-wing path keyword"
"shattered-galaxy","resource\entity\construction_starwars\entities\static_vehicles\x-wing_static\material_#2991.mtl","64","TIE or X-wing path keyword"
"shattered-galaxy","resource\entity\construction_starwars\entities\static_vehicles\x-wing_static\material_#2992.mtl","61","TIE or X-wing path keyword"
"shattered-galaxy","resource\entity\construction_starwars\entities\static_vehicles\x-wing_static\material_#2994.mtl","66","TIE or X-wing path keyword"
"shattered-galaxy","resource\entity\construction_starwars\entities\static_vehicles\x-wing_static\material_#3089.mtl","80","TIE or X-wing path keyword"
"shattered-galaxy","resource\entity\construction_starwars\entities\static_vehicles\x-wing_static\material_#735.mtl","64","TIE or X-wing path keyword"
"shattered-galaxy","resource\entity\construction_starwars\entities\static_vehicles\x-wing_static\material_#736.mtl","64","TIE or X-wing path keyword"
"shattered-galaxy","resource\entity\construction_starwars\entities\static_vehicles\x-wing_static\material_#737.mtl","64","TIE or X-wing path keyword"
"shattered-galaxy","resource\entity\construction_starwars\entities\static_vehicles\x-wing_static\t_astrodroid_02_c#r1.dds","349680","TIE or X-wing path keyword"
"shattered-galaxy","resource\entity\construction_starwars\entities\static_vehicles\x-wing_static\t_astrodroid_02_c#r5.dds","349680","TIE or X-wing path keyword"
"shattered-galaxy","resource\entity\construction_starwars\entities\static_vehicles\x-wing_static\t_astrodroid_02_c#r7.dds","349680","TIE or X-wing path keyword"
"shattered-galaxy","resource\entity\construction_starwars\entities\static_vehicles\x-wing_static\t_astrodroid_02_c#red5.dds","349680","TIE or X-wing path keyword"
"shattered-galaxy","resource\entity\construction_starwars\entities\static_vehicles\x-wing_static\t_astrodroid_02_c.dds","349680","TIE or X-wing path keyword"
"shattered-galaxy","resource\entity\construction_starwars\entities\static_vehicles\x-wing_static\T_Fuselage_01_C.dds","5592560","TIE or X-wing path keyword"
"shattered-galaxy","resource\entity\construction_starwars\entities\static_vehicles\x-wing_static\T_Wings_01_C#red5.dds","5592560","TIE or X-wing path keyword"
"shattered-galaxy","resource\entity\construction_starwars\entities\static_vehicles\x-wing_static\T_Wings_01_C.dds","5592560","TIE or X-wing path keyword"
"shattered-galaxy","resource\entity\construction_starwars\entities\static_vehicles\x-wing_static\T_XWingCockpitWindowDirt_03_C.dds","1398256","TIE or X-wing path keyword"
"shattered-galaxy","resource\entity\construction_starwars\entities\static_vehicles\x-wing_static\window.ply","6093","TIE or X-wing path keyword"
"shattered-galaxy","resource\entity\construction_starwars\entities\static_vehicles\x-wing_static\x-wing_static.def","112","TIE or X-wing path keyword"
"shattered-galaxy","resource\entity\construction_starwars\entities\static_vehicles\x-wing_static\x-wing_static.mdl","840","TIE or X-wing path keyword"
"shattered-galaxy","resource\entity\construction_starwars\entities\static_vehicles\x-wing_static\xwingwedgewings.dds","349680","TIE or X-wing path keyword"
"shattered-galaxy","resource\entity\construction_starwars\planet\Coruscant\railroads_cor\railroad_cor\tie.mtl","55","TIE or X-wing path keyword"
"shattered-galaxy","resource\entity\construction_starwars\planet\Coruscant\railroads_cor\railroad_cora\tie.mtl","55","TIE or X-wing path keyword"
"shattered-galaxy","resource\entity\construction_starwars\planet\Coruscant\railroads_cor\railroad_cora1\tie.mtl","55","TIE or X-wing path keyword"
"shattered-galaxy","resource\entity\construction_starwars\planet\Coruscant\railroads_cor\railroad_cora1_broken\tie.mtl","55","TIE or X-wing path keyword"
"shattered-galaxy","resource\entity\construction_starwars\planet\Coruscant\railroads_cor\railroad_cora2\tie.mtl","55","TIE or X-wing path keyword"
"shattered-galaxy","resource\entity\construction_starwars\planet\Coruscant\railroads_cor\railroad_corb\tie.mtl","55","TIE or X-wing path keyword"
"shattered-galaxy","resource\entity\construction_starwars\planet\Coruscant\railroads_cor\railroad_corbridge\tie.mtl","55","TIE or X-wing path keyword"
"shattered-galaxy","resource\entity\construction_starwars\planet\Coruscant\railroads_cor\railroad_corbridge_broken\tie.mtl","55","TIE or X-wing path keyword"
"shattered-galaxy","resource\entity\construction_starwars\planet\Coruscant\railroads_cor\railroad_cor_turn1a\tie.mtl","55","TIE or X-wing path keyword"
"shattered-galaxy","resource\entity\construction_starwars\planet\Coruscant\railroads_cor\railroad_cor_turn1b\tie.mtl","55","TIE or X-wing path keyword"
"shattered-galaxy","resource\entity\construction_starwars\planet\Coruscant\railroads_cor\railroad_cor_turn1c\tie.mtl","55","TIE or X-wing path keyword"
"shattered-galaxy","resource\entity\construction_starwars\planet\Coruscant\railroads_cor\railroad_cor_turn1d\tie.mtl","55","TIE or X-wing path keyword"
"shattered-galaxy","resource\entity\construction_starwars\planet\Coruscant\railroads_cor\railroad_cor_turn2a\tie.mtl","55","TIE or X-wing path keyword"
"shattered-galaxy","resource\entity\construction_starwars\planet\Coruscant\railroads_cor\railroad_cor_turn2b\tie.mtl","55","TIE or X-wing path keyword"
"shattered-galaxy","resource\entity\construction_starwars\planet\Coruscant\railroads_cor\railroad_cor_turn3\tie.mtl","55","TIE or X-wing path keyword"
"shattered-galaxy","resource\entity\construction_starwars\planet\Coruscant\railroads_cor\railroad_cor_turn3a\tie.mtl","55","TIE or X-wing path keyword"
"shattered-galaxy","resource\entity\humanskin\-Z_Test\_test_new\inventory\emp_tie_pilot_helm01\body.vol","208","TIE or X-wing path keyword"
"shattered-galaxy","resource\entity\humanskin\-Z_Test\_test_new\inventory\emp_tie_pilot_helm01\cha_emp_helmet_classic_t01_c.dds","1398256","TIE or X-wing path keyword"
"shattered-galaxy","resource\entity\humanskin\-Z_Test\_test_new\inventory\emp_tie_pilot_helm01\Cha_Emp_Helmet_Classic_T01_NS.dds","1398256","TIE or X-wing path keyword"
"shattered-galaxy","resource\entity\humanskin\-Z_Test\_test_new\inventory\emp_tie_pilot_helm01\cha_emp_helmet_classic_t01_spec.dds","1398256","TIE or X-wing path keyword"
"shattered-galaxy","resource\entity\humanskin\-Z_Test\_test_new\inventory\emp_tie_pilot_helm01\emp_tie_pilot_helm01.def","149","TIE or X-wing path keyword"
"shattered-galaxy","resource\entity\humanskin\-Z_Test\_test_new\inventory\emp_tie_pilot_helm01\emp_tie_pilot_helm01.mdl","1686","TIE or X-wing path keyword"
"shattered-galaxy","resource\entity\humanskin\-Z_Test\_test_new\inventory\emp_tie_pilot_helm01\emp_tie_pilot_helm01.ply","353143","TIE or X-wing path keyword"
"shattered-galaxy","resource\entity\humanskin\-Z_Test\_test_new\inventory\emp_tie_pilot_helm01\emp_tie_pilot_helm01_lod1.ply","264739","TIE or X-wing path keyword"
"shattered-galaxy","resource\entity\humanskin\-Z_Test\_test_new\inventory\emp_tie_pilot_helm01\emp_tie_pilot_helm01_lod2.ply","176371","TIE or X-wing path keyword"
"shattered-galaxy","resource\entity\humanskin\-Z_Test\_test_new\inventory\emp_tie_pilot_helm01\emp_tie_pilot_helm01_lod3.ply","89383","TIE or X-wing path keyword"
"shattered-galaxy","resource\entity\humanskin\-Z_Test\_test_new\inventory\emp_tie_pilot_helm01\pilot_helm.mtl","190","TIE or X-wing path keyword"
"shattered-galaxy","resource\entity\humanskin\-Z_Test\_test_new\inventory\emp_tie_pilot_helm01\select.vol","208","TIE or X-wing path keyword"
"shattered-galaxy","resource\entity\inventory\-ammo\-bomb\tie_sa_bomb\07_-_default.mtl","114","TIE or X-wing path keyword"
"shattered-galaxy","resource\entity\inventory\-ammo\-bomb\tie_sa_bomb\152mm_fg.ply","23737","TIE or X-wing path keyword"
"shattered-galaxy","resource\entity\inventory\-ammo\-bomb\tie_sa_bomb\air_bomb1.mdl","1517","TIE or X-wing path keyword"
"shattered-galaxy","resource\entity\inventory\-ammo\-bomb\tie_sa_bomb\pewter2.dds","349680","TIE or X-wing path keyword"
"shattered-galaxy","resource\entity\inventory\-ammo\-bomb\tie_sa_bomb\pewter2_sp.dds","349680","TIE or X-wing path keyword"
"shattered-galaxy","resource\entity\inventory\-ammo\-bomb\tie_sa_bomb\start.anm","4146","TIE or X-wing path keyword"
"shattered-galaxy","resource\entity\inventory\-ammo\-bomb\tie_sa_bomb\tf_bomb.def","132","TIE or X-wing path keyword"
"shattered-galaxy","resource\entity\inventory\-ammo\-bomb\tie_sa_bomb\tf_bomb_mp.def","135","TIE or X-wing path keyword"
"shattered-galaxy","resource\entity\inventory\-ammo\-bomb\tie_sa_bomb\tie_ca_bomb_mp.def","139","TIE or X-wing path keyword"
"shattered-galaxy","resource\entity\inventory\-ammo\-bomb\tie_sa_bomb\tie_sa_bomb.def","136","TIE or X-wing path keyword"
"shattered-galaxy","resource\entity\inventory\-ammo\-bomb\tie_sa_bomb\tie_sa_bomb_mp.def","139","TIE or X-wing path keyword"
"shattered-galaxy","resource\entity\inventory\-ammo\-bomb\tie_sa_bomb\xwing_bomb_mp.def","138","TIE or X-wing path keyword"
"shattered-galaxy","resource\entity\inventory\-ammo\-bomb\tie_sa_bomb\ywing_bomb.def","135","TIE or X-wing path keyword"
"shattered-galaxy","resource\entity\inventory\-ammo\-bomb\tie_sa_bomb\ywing_bomb_mp.def","138","TIE or X-wing path keyword"
"shattered-galaxy","resource\entity\inventory\-ammo\-gun\sw_cannon_he\30mm_xwing_he.def","273","TIE or X-wing path keyword"
"shattered-galaxy","resource\entity\inventory\-ammo\-gun\sw_cannon_he\40mm_tie_ln_he.def","274","TIE or X-wing path keyword"
"shattered-galaxy","resource\entity\inventory\-ammo\-gun\sw_cannon_heat\40mm_tie_ln_heat.def","276","TIE or X-wing path keyword"
"shattered-galaxy","resource\entity\inventory\-ammo\-gun\sw_cannon_heat\85mm_tie_crawler_heat.def","281","TIE or X-wing path keyword"
"shattered-galaxy","resource\interface\scene\portrait_squad\conquest_tie_ca_00.tga","48511","TIE or X-wing path keyword"
"shattered-galaxy","resource\interface\scene\portrait_squad\conquest_tie_ca_01.tga","47770","TIE or X-wing path keyword"
"shattered-galaxy","resource\interface\scene\portrait_squad\conquest_tie_ca_02.tga","46731","TIE or X-wing path keyword"
"shattered-galaxy","resource\interface\scene\portrait_squad\conquest_tie_ca_03.tga","43506","TIE or X-wing path keyword"
"shattered-galaxy","resource\interface\scene\portrait_squad\conquest_tie_ln_00.tga","46334","TIE or X-wing path keyword"
"shattered-galaxy","resource\interface\scene\portrait_squad\conquest_tie_ln_01.tga","46024","TIE or X-wing path keyword"
"shattered-galaxy","resource\interface\scene\portrait_squad\conquest_tie_ln_02.tga","44673","TIE or X-wing path keyword"
"shattered-galaxy","resource\interface\scene\portrait_squad\conquest_tie_ln_03.tga","44673","TIE or X-wing path keyword"
"shattered-galaxy","resource\interface\scene\portrait_squad\conquest_tie_sa_00.tga","48184","TIE or X-wing path keyword"
"shattered-galaxy","resource\interface\scene\portrait_squad\conquest_tie_sa_01.tga","47191","TIE or X-wing path keyword"
"shattered-galaxy","resource\interface\scene\portrait_squad\conquest_tie_sa_02.tga","46399","TIE or X-wing path keyword"
"shattered-galaxy","resource\interface\scene\portrait_squad\conquest_tie_sa_03.tga","43059","TIE or X-wing path keyword"
"shattered-galaxy","resource\interface\scene\portrait_squad\conquest_xwing_00.tga","45626","TIE or X-wing path keyword"
"shattered-galaxy","resource\interface\scene\portrait_squad\conquest_xwing_01.tga","45302","TIE or X-wing path keyword"
"shattered-galaxy","resource\interface\scene\portrait_squad\conquest_xwing_02.tga","43944","TIE or X-wing path keyword"
"shattered-galaxy","resource\interface\scene\portrait_squad\conquest_xwing_03.tga","43944","TIE or X-wing path keyword"
"shattered-galaxy","resource\interface\scene\portrait_squad\tie_crawler_00.tga","48337","TIE or X-wing path keyword"
"shattered-galaxy","resource\interface\scene\portrait_squad\tie_crawler_01.tga","47998","TIE or X-wing path keyword"
"shattered-galaxy","resource\interface\scene\portrait_squad\tie_crawler_02.tga","46637","TIE or X-wing path keyword"
"shattered-galaxy","resource\interface\scene\portrait_squad\tie_crawler_03.tga","46637","TIE or X-wing path keyword"
"shattered-galaxy","resource\interface\scene\portrait_squad\tie_ln_00.tga","46334","TIE or X-wing path keyword"
"shattered-galaxy","resource\interface\scene\portrait_squad\tie_ln_01.tga","45357","TIE or X-wing path keyword"
"shattered-galaxy","resource\interface\scene\portrait_squad\tie_ln_02.tga","44673","TIE or X-wing path keyword"
"shattered-galaxy","resource\interface\scene\portrait_squad\tie_ln_03.tga","39701","TIE or X-wing path keyword"
"shattered-galaxy","resource\interface\scene\unit_icon\conquest_tie_ca_00.tga","25938","TIE or X-wing path keyword"
"shattered-galaxy","resource\interface\scene\unit_icon\conquest_tie_ca_01.tga","41516","TIE or X-wing path keyword"
"shattered-galaxy","resource\interface\scene\unit_icon\conquest_tie_ca_02.tga","41516","TIE or X-wing path keyword"
"shattered-galaxy","resource\interface\scene\unit_icon\conquest_tie_ca_03.tga","24662","TIE or X-wing path keyword"
"shattered-galaxy","resource\interface\scene\unit_icon\conquest_tie_in_00.tga","25943","TIE or X-wing path keyword"
"shattered-galaxy","resource\interface\scene\unit_icon\conquest_tie_in_01.tga","41516","TIE or X-wing path keyword"
"shattered-galaxy","resource\interface\scene\unit_icon\conquest_tie_in_02.tga","41516","TIE or X-wing path keyword"
"shattered-galaxy","resource\interface\scene\unit_icon\conquest_tie_in_03.tga","24261","TIE or X-wing path keyword"
"shattered-galaxy","resource\interface\scene\unit_icon\conquest_tie_ln_00.tga","24928","TIE or X-wing path keyword"
"shattered-galaxy","resource\interface\scene\unit_icon\conquest_tie_ln_01.tga","41516","TIE or X-wing path keyword"
"shattered-galaxy","resource\interface\scene\unit_icon\conquest_tie_ln_02.tga","41516","TIE or X-wing path keyword"
"shattered-galaxy","resource\interface\scene\unit_icon\conquest_tie_ln_03.tga","22971","TIE or X-wing path keyword"
"shattered-galaxy","resource\interface\scene\unit_icon\conquest_tie_sa_00.tga","25663","TIE or X-wing path keyword"
"shattered-galaxy","resource\interface\scene\unit_icon\conquest_tie_sa_01.tga","41516","TIE or X-wing path keyword"
"shattered-galaxy","resource\interface\scene\unit_icon\conquest_tie_sa_02.tga","41516","TIE or X-wing path keyword"
"shattered-galaxy","resource\interface\scene\unit_icon\conquest_tie_sa_03.tga","24355","TIE or X-wing path keyword"
"shattered-galaxy","resource\interface\scene\unit_icon\conquest_tie_st_x1_00.tga","25443","TIE or X-wing path keyword"
"shattered-galaxy","resource\interface\scene\unit_icon\conquest_tie_st_x1_01.tga","41516","TIE or X-wing path keyword"
"shattered-galaxy","resource\interface\scene\unit_icon\conquest_tie_st_x1_02.tga","41516","TIE or X-wing path keyword"
"shattered-galaxy","resource\interface\scene\unit_icon\conquest_tie_st_x1_03.tga","23772","TIE or X-wing path keyword"
"shattered-galaxy","resource\interface\scene\unit_icon\conquest_xwing_00.tga","24886","TIE or X-wing path keyword"
"shattered-galaxy","resource\interface\scene\unit_icon\conquest_xwing_01.tga","41516","TIE or X-wing path keyword"
"shattered-galaxy","resource\interface\scene\unit_icon\conquest_xwing_02.tga","41516","TIE or X-wing path keyword"
"shattered-galaxy","resource\interface\scene\unit_icon\conquest_xwing_03.tga","23053","TIE or X-wing path keyword"
"shattered-galaxy","resource\interface\scene\unit_icon\doctrine_tie_ca_00.tga","25938","TIE or X-wing path keyword"
"shattered-galaxy","resource\interface\scene\unit_icon\doctrine_tie_ca_01.tga","41516","TIE or X-wing path keyword"
"shattered-galaxy","resource\interface\scene\unit_icon\doctrine_tie_ca_02.tga","41516","TIE or X-wing path keyword"
"shattered-galaxy","resource\interface\scene\unit_icon\doctrine_tie_ca_03.tga","24662","TIE or X-wing path keyword"
"shattered-galaxy","resource\interface\scene\unit_icon\doctrine_tie_crawler_00.tga","26313","TIE or X-wing path keyword"
"shattered-galaxy","resource\interface\scene\unit_icon\doctrine_tie_crawler_01.tga","41516","TIE or X-wing path keyword"
"shattered-galaxy","resource\interface\scene\unit_icon\doctrine_tie_crawler_02.tga","41516","TIE or X-wing path keyword"
"shattered-galaxy","resource\interface\scene\unit_icon\doctrine_tie_crawler_03.tga","25237","TIE or X-wing path keyword"
"shattered-galaxy","resource\interface\scene\unit_icon\doctrine_tie_in_00.tga","25943","TIE or X-wing path keyword"
"shattered-galaxy","resource\interface\scene\unit_icon\doctrine_tie_in_01.tga","41516","TIE or X-wing path keyword"
"shattered-galaxy","resource\interface\scene\unit_icon\doctrine_tie_in_02.tga","41516","TIE or X-wing path keyword"
"shattered-galaxy","resource\interface\scene\unit_icon\doctrine_tie_in_03.tga","24261","TIE or X-wing path keyword"
"shattered-galaxy","resource\interface\scene\unit_icon\doctrine_tie_st_x1_00.tga","25443","TIE or X-wing path keyword"
"shattered-galaxy","resource\interface\scene\unit_icon\doctrine_tie_st_x1_01.tga","41516","TIE or X-wing path keyword"
"shattered-galaxy","resource\interface\scene\unit_icon\doctrine_tie_st_x1_02.tga","41516","TIE or X-wing path keyword"
"shattered-galaxy","resource\interface\scene\unit_icon\doctrine_tie_st_x1_03.tga","23772","TIE or X-wing path keyword"
"shattered-galaxy","resource\interface\scene\unit_icon\tie_in_00.tga","25943","TIE or X-wing path keyword"
"shattered-galaxy","resource\interface\scene\unit_icon\tie_ln_scoutrun_00.tga","24928","TIE or X-wing path keyword"
"shattered-galaxy","resource\interface\scene\unit_icon\tie_ln_scoutrun_01.tga","41516","TIE or X-wing path keyword"
"shattered-galaxy","resource\interface\scene\unit_icon\tie_ln_scoutrun_02.tga","41516","TIE or X-wing path keyword"
"shattered-galaxy","resource\interface\scene\unit_icon\tie_ln_scoutrun_03.tga","22971","TIE or X-wing path keyword"
"shattered-galaxy","resource\interface\scene\unit_icon\tie_mauler_00.tga","25596","TIE or X-wing path keyword"
"shattered-galaxy","resource\interface\scene\unit_icon\tie_mauler_01.tga","41516","TIE or X-wing path keyword"
"shattered-galaxy","resource\interface\scene\unit_icon\tie_mauler_02.tga","41516","TIE or X-wing path keyword"
"shattered-galaxy","resource\interface\scene\unit_icon\tie_mauler_03.tga","24035","TIE or X-wing path keyword"
"shattered-galaxy","resource\interface\scene\unit_icon\tie_sa_bombrun_00.tga","25663","TIE or X-wing path keyword"
"shattered-galaxy","resource\interface\scene\unit_icon\tie_sa_bombrun_01.tga","41516","TIE or X-wing path keyword"
"shattered-galaxy","resource\interface\scene\unit_icon\tie_sa_bombrun_02.tga","41516","TIE or X-wing path keyword"
"shattered-galaxy","resource\interface\scene\unit_icon\tie_sa_bombrun_03.tga","24355","TIE or X-wing path keyword"
"shattered-galaxy","resource\interface\scene\unit_icon\tie_st_x1_00.tga","25443","TIE or X-wing path keyword"
"shattered-galaxy","resource\interface\scene\unit_icon\xwing_scoutrun_00.tga","24886","TIE or X-wing path keyword"
"shattered-galaxy","resource\interface\scene\unit_icon\xwing_scoutrun_01.tga","41516","TIE or X-wing path keyword"
"shattered-galaxy","resource\interface\scene\unit_icon\xwing_scoutrun_02.tga","41516","TIE or X-wing path keyword"
"shattered-galaxy","resource\interface\scene\unit_icon\xwing_scoutrun_03.tga","23053","TIE or X-wing path keyword"
"shattered-galaxy","resource\interface\scene\unit_icon_small\doctrine_tie_ca_00.tga","15702","TIE or X-wing path keyword"
"shattered-galaxy","resource\interface\scene\unit_icon_small\doctrine_tie_crawler_00.tga","15964","TIE or X-wing path keyword"
"shattered-galaxy","resource\interface\scene\unit_icon_small\doctrine_tie_in_00.tga","21548","TIE or X-wing path keyword"
"shattered-galaxy","resource\interface\scene\unit_icon_small\doctrine_tie_st_x1_00.tga","21548","TIE or X-wing path keyword"
"shattered-galaxy","resource\interface\scene\unit_icon_small\tie_ca_00.tga","15702","TIE or X-wing path keyword"
"shattered-galaxy","resource\interface\scene\unit_icon_small\tie_ca_01.tga","15629","TIE or X-wing path keyword"
"shattered-galaxy","resource\interface\scene\unit_icon_small\tie_ca_02.tga","15468","TIE or X-wing path keyword"
"shattered-galaxy","resource\interface\scene\unit_icon_small\tie_ca_03.tga","15468","TIE or X-wing path keyword"
"shattered-galaxy","resource\interface\scene\unit_icon_small\tie_crawler_00.tga","15964","TIE or X-wing path keyword"
"shattered-galaxy","resource\interface\scene\unit_icon_small\tie_crawler_01.tga","15906","TIE or X-wing path keyword"
"shattered-galaxy","resource\interface\scene\unit_icon_small\tie_crawler_02.tga","15745","TIE or X-wing path keyword"
"shattered-galaxy","resource\interface\scene\unit_icon_small\tie_crawler_03.tga","15745","TIE or X-wing path keyword"
"shattered-galaxy","resource\interface\scene\unit_icon_small\tie_in_00.tga","21548","TIE or X-wing path keyword"
"shattered-galaxy","resource\interface\scene\unit_icon_small\tie_in_01.tga","21548","TIE or X-wing path keyword"
"shattered-galaxy","resource\interface\scene\unit_icon_small\tie_in_02.tga","21548","TIE or X-wing path keyword"
"shattered-galaxy","resource\interface\scene\unit_icon_small\tie_in_03.tga","21548","TIE or X-wing path keyword"
"shattered-galaxy","resource\interface\scene\unit_icon_small\tie_ln_00.tga","15354","TIE or X-wing path keyword"
"shattered-galaxy","resource\interface\scene\unit_icon_small\tie_ln_01.tga","15229","TIE or X-wing path keyword"
"shattered-galaxy","resource\interface\scene\unit_icon_small\tie_ln_02.tga","15068","TIE or X-wing path keyword"
"shattered-galaxy","resource\interface\scene\unit_icon_small\tie_ln_03.tga","15068","TIE or X-wing path keyword"
"shattered-galaxy","resource\interface\scene\unit_icon_small\tie_ln_scoutrun_00.tga","15354","TIE or X-wing path keyword"
"shattered-galaxy","resource\interface\scene\unit_icon_small\tie_mauler_00.tga","15538","TIE or X-wing path keyword"
"shattered-galaxy","resource\interface\scene\unit_icon_small\tie_mauler_01.tga","15417","TIE or X-wing path keyword"
"shattered-galaxy","resource\interface\scene\unit_icon_small\tie_mauler_02.tga","15256","TIE or X-wing path keyword"
"shattered-galaxy","resource\interface\scene\unit_icon_small\tie_mauler_03.tga","15256","TIE or X-wing path keyword"
"shattered-galaxy","resource\interface\scene\unit_icon_small\tie_sa_00.tga","15610","TIE or X-wing path keyword"
"shattered-galaxy","resource\interface\scene\unit_icon_small\tie_sa_01.tga","15540","TIE or X-wing path keyword"
"shattered-galaxy","resource\interface\scene\unit_icon_small\tie_sa_02.tga","15379","TIE or X-wing path keyword"
"shattered-galaxy","resource\interface\scene\unit_icon_small\tie_sa_03.tga","15379","TIE or X-wing path keyword"
"shattered-galaxy","resource\interface\scene\unit_icon_small\tie_sa_bombrun_00.tga","15610","TIE or X-wing path keyword"
"shattered-galaxy","resource\interface\scene\unit_icon_small\tie_st_x1_00.tga","21548","TIE or X-wing path keyword"
"shattered-galaxy","resource\interface\scene\unit_icon_small\tie_st_x1_01.tga","21548","TIE or X-wing path keyword"
"shattered-galaxy","resource\interface\scene\unit_icon_small\tie_st_x1_02.tga","21548","TIE or X-wing path keyword"
"shattered-galaxy","resource\interface\scene\unit_icon_small\tie_st_x1_03.tga","21548","TIE or X-wing path keyword"
"shattered-galaxy","resource\interface\scene\unit_icon_small\xwing_00.tga","15508","TIE or X-wing path keyword"
"shattered-galaxy","resource\interface\scene\unit_icon_small\xwing_01.tga","15433","TIE or X-wing path keyword"
"shattered-galaxy","resource\interface\scene\unit_icon_small\xwing_02.tga","15272","TIE or X-wing path keyword"
"shattered-galaxy","resource\interface\scene\unit_icon_small\xwing_03.tga","15272","TIE or X-wing path keyword"
"shattered-galaxy","resource\interface\scene\unit_icon_small\xwing_scoutrun_00.tga","15508","TIE or X-wing path keyword"
"shattered-galaxy","resource\set\stuff\bombing\bomb-dropper_tie_ca","158","TIE or X-wing path keyword"
"shattered-galaxy","resource\set\stuff\bombing\bomb-dropper_tie_sa","157","TIE or X-wing path keyword"
"shattered-galaxy","resource\set\stuff\bombing\tie_ca_bomb_mp.ammo","164","TIE or X-wing path keyword"
"shattered-galaxy","resource\set\stuff\bombing\tie_sa_bomb.ammo","161","TIE or X-wing path keyword"
"shattered-galaxy","resource\set\stuff\bombing\tie_sa_bomb_mp.ammo","164","TIE or X-wing path keyword"
"shattered-galaxy","resource\set\stuff\bombing\xwing_bomb_mp.ammo","161","TIE or X-wing path keyword"
"shattered-galaxy","resource\set\stuff\gun_atgm\tie_2rocketlauncher","110","TIE or X-wing path keyword"
"shattered-galaxy","resource\set\stuff\gun_atgm\tie_rocketlauncher","694","TIE or X-wing path keyword"
"shattered-galaxy","resource\set\stuff\gun_blaster\30mm_xwing","471","TIE or X-wing path keyword"
"shattered-galaxy","resource\set\stuff\gun_blaster\40mm_tie_in","209","TIE or X-wing path keyword"
"shattered-galaxy","resource\set\stuff\gun_blaster\40mm_tie_ln","590","TIE or X-wing path keyword"
"shattered-galaxy","resource\set\stuff\gun_blaster\40mm_tie_mauler","587","TIE or X-wing path keyword"
"shattered-galaxy","resource\set\stuff\gun_blaster\85mm_tie_crawler","486","TIE or X-wing path keyword"
"shattered-galaxy","resource\set\stuff\shell\tie_crawler_85mm.heat.ammo","244","TIE or X-wing path keyword"
"shattered-galaxy","resource\set\stuff\shell\tie_ln_40mm.heat.ammo","284","TIE or X-wing path keyword"
"shattered-galaxy","resource\set\stuff\shell\xwing_30mm.he.ammo","349","TIE or X-wing path keyword"
"shattered-galaxy","resource\sound\vehicle\airborne\tie_ca\engine.wav","1677476","TIE or X-wing path keyword"
"shattered-galaxy","resource\sound\vehicle\airborne\tie_ca\engine_start.wav","335918","TIE or X-wing path keyword"
"shattered-galaxy","resource\sound\vehicle\airborne\tie_ca\engine_stop.wav","335918","TIE or X-wing path keyword"
"shattered-galaxy","resource\sound\vehicle\airborne\tie_ca\folder.set","62","TIE or X-wing path keyword"
"shattered-galaxy","resource\sound\vehicle\airborne\tie_ca\move.wav","1677476","TIE or X-wing path keyword"
"shattered-galaxy","resource\sound\vehicle\airborne\tie_ca\death\EXP_TIE_FIGHTER_1.WAV","180780","TIE or X-wing path keyword"
"shattered-galaxy","resource\sound\vehicle\airborne\tie_ca\death\EXP_TIE_FIGHTER_2.WAV","232950","TIE or X-wing path keyword"
"shattered-galaxy","resource\sound\vehicle\airborne\tie_ca\flyby\folder.set","54","TIE or X-wing path keyword"
"shattered-galaxy","resource\sound\vehicle\airborne\tie_ca\flyby\SW02_Vehicles_TIEBomber_PassBy_01 0 0 0.wav","985900","TIE or X-wing path keyword"
"shattered-galaxy","resource\sound\vehicle\airborne\tie_ca\flyby\SW02_Vehicles_TIEBomber_PassBy_01 1 0 0.wav","760364","TIE or X-wing path keyword"
"shattered-galaxy","resource\sound\vehicle\airborne\tie_ca\flyby\SW02_Vehicles_TIEBomber_PassBy_01 10 0 0.wav","953900","TIE or X-wing path keyword"
"shattered-galaxy","resource\sound\vehicle\airborne\tie_ca\flyby\SW02_Vehicles_TIEBomber_PassBy_01 11 0 0.wav","956460","TIE or X-wing path keyword"
"shattered-galaxy","resource\sound\vehicle\airborne\tie_ca\flyby\SW02_Vehicles_TIEBomber_PassBy_01 12 0 0.wav","944684","TIE or X-wing path keyword"
"shattered-galaxy","resource\sound\vehicle\airborne\tie_ca\flyby\SW02_Vehicles_TIEBomber_PassBy_01 13 0 0.wav","944044","TIE or X-wing path keyword"
"shattered-galaxy","resource\sound\vehicle\airborne\tie_ca\flyby\SW02_Vehicles_TIEBomber_PassBy_01 14 0 0.wav","976940","TIE or X-wing path keyword"
"shattered-galaxy","resource\sound\vehicle\airborne\tie_ca\flyby\SW02_Vehicles_TIEBomber_PassBy_01 15 0 0.wav","959788","TIE or X-wing path keyword"
"shattered-galaxy","resource\sound\vehicle\airborne\tie_ca\flyby\SW02_Vehicles_TIEBomber_PassBy_01 16 0 0.wav","953004","TIE or X-wing path keyword"
"shattered-galaxy","resource\sound\vehicle\airborne\tie_ca\flyby\SW02_Vehicles_TIEBomber_PassBy_01 17 0 0.wav","962604","TIE or X-wing path keyword"
"shattered-galaxy","resource\sound\vehicle\airborne\tie_ca\flyby\SW02_Vehicles_TIEBomber_PassBy_01 18 0 0.wav","777772","TIE or X-wing path keyword"
"shattered-galaxy","resource\sound\vehicle\airborne\tie_ca\flyby\SW02_Vehicles_TIEBomber_PassBy_01 19 0 0.wav","1145644","TIE or X-wing path keyword"
"shattered-galaxy","resource\sound\vehicle\airborne\tie_ca\flyby\SW02_Vehicles_TIEBomber_PassBy_01 2 0 0.wav","958252","TIE or X-wing path keyword"
"shattered-galaxy","resource\sound\vehicle\airborne\tie_ca\flyby\SW02_Vehicles_TIEBomber_PassBy_01 3 0 0.wav","961580","TIE or X-wing path keyword"
"shattered-galaxy","resource\sound\vehicle\airborne\tie_ca\flyby\SW02_Vehicles_TIEBomber_PassBy_01 4 0 0.wav","980012","TIE or X-wing path keyword"
"shattered-galaxy","resource\sound\vehicle\airborne\tie_ca\flyby\SW02_Vehicles_TIEBomber_PassBy_01 5 0 0.wav","983852","TIE or X-wing path keyword"
"shattered-galaxy","resource\sound\vehicle\airborne\tie_ca\flyby\SW02_Vehicles_TIEBomber_PassBy_01 6 0 0.wav","957996","TIE or X-wing path keyword"
"shattered-galaxy","resource\sound\vehicle\airborne\tie_ca\flyby\SW02_Vehicles_TIEBomber_PassBy_01 7 0 0.wav","965676","TIE or X-wing path keyword"
"shattered-galaxy","resource\sound\vehicle\airborne\tie_ca\flyby\SW02_Vehicles_TIEBomber_PassBy_01 8 0 0.wav","956204","TIE or X-wing path keyword"
"shattered-galaxy","resource\sound\vehicle\airborne\tie_ca\flyby\SW02_Vehicles_TIEBomber_PassBy_01 9 0 0.wav","924204","TIE or X-wing path keyword"
"shattered-galaxy","resource\sound\vehicle\airborne\tie_ca\spawnvoice\folder.set","60","TIE or X-wing path keyword"
"shattered-galaxy","resource\sound\vehicle\airborne\tie_ca\spawnvoice\ZE_TIE_Interdictor_Attack_03.wav","90072","TIE or X-wing path keyword"
"shattered-galaxy","resource\sound\vehicle\airborne\tie_ca\spawnvoice\ZE_TIE_Interdictor_Attack_04.wav","61272","TIE or X-wing path keyword"
"shattered-galaxy","resource\sound\vehicle\airborne\tie_ca\spawnvoice\ZE_TIE_Interdictor_Attack_05.wav","55512","TIE or X-wing path keyword"
"shattered-galaxy","resource\sound\vehicle\airborne\tie_ca\spawnvoice\ZE_TIE_Interdictor_Attack_06.wav","79704","TIE or X-wing path keyword"
"shattered-galaxy","resource\sound\vehicle\airborne\tie_ca\spawnvoice\ZE_TIE_Interdictor_Attack_08.wav","63438","TIE or X-wing path keyword"
"shattered-galaxy","resource\sound\vehicle\airborne\tie_ca\spawnvoice\ZE_TIE_Interdictor_Attack_11.wav","95832","TIE or X-wing path keyword"
"shattered-galaxy","resource\sound\vehicle\airborne\tie_ca\spawnvoice\ZE_TIE_Interdictor_Attack_12.wav","45158","TIE or X-wing path keyword"
"shattered-galaxy","resource\sound\vehicle\airborne\tie_ca\spawnvoice\ZE_TIE_Interdictor_Attack_13.wav","61272","TIE or X-wing path keyword"
"shattered-galaxy","resource\sound\vehicle\airborne\tie_ca\spawnvoice\ZE_TIE_Interdictor_Attack_14.wav","113534","TIE or X-wing path keyword"
"shattered-galaxy","resource\sound\vehicle\airborne\tie_ca\spawnvoice\ZE_TIE_Interdictor_Attack_15.wav","68286","TIE or X-wing path keyword"
"shattered-galaxy","resource\sound\vehicle\airborne\tie_ca\spawnvoice\ZE_TIE_Interdictor_Attack_Assist_02.wav","58968","TIE or X-wing path keyword"
"shattered-galaxy","resource\sound\vehicle\airborne\tie_ca\spawnvoice\ZE_TIE_Interdictor_Attack_Assist_03.wav","93528","TIE or X-wing path keyword"
"shattered-galaxy","resource\sound\vehicle\airborne\tie_ca\spawnvoice\ZE_TIE_Interdictor_Attack_Assist_04.wav","93528","TIE or X-wing path keyword"
"shattered-galaxy","resource\sound\vehicle\airborne\tie_ca\spawnvoice\ZE_TIE_Interdictor_Attack_Lasers_01.wav","40536","TIE or X-wing path keyword"
"shattered-galaxy","resource\sound\vehicle\airborne\tie_ca\spawnvoice\ZE_TIE_Interdictor_Attack_Mass_Drivers_02.wav","65880","TIE or X-wing path keyword"
"shattered-galaxy","resource\sound\vehicle\airborne\tie_ca\spawnvoice\ZE_TIE_Interdictor_Attack_Special_02.wav","98136","TIE or X-wing path keyword"
"shattered-galaxy","resource\sound\vehicle\airborne\tie_ca\spawnvoice\ZE_TIE_Interdictor_Attack_Torpedoes_02.wav","61272","TIE or X-wing path keyword"
"shattered-galaxy","resource\sound\vehicle\airborne\tie_ca\spawnvoice\ZE_TIE_Interdictor_Move_02.wav","79704","TIE or X-wing path keyword"
"shattered-galaxy","resource\sound\vehicle\airborne\tie_ca\spawnvoice\ZE_TIE_Interdictor_Move_05.wav","56078","TIE or X-wing path keyword"
"shattered-galaxy","resource\sound\vehicle\airborne\tie_ca\spawnvoice\ZE_TIE_Interdictor_Move_06.wav","77400","TIE or X-wing path keyword"
"shattered-galaxy","resource\sound\vehicle\airborne\tie_ca\spawnvoice\ZE_TIE_Interdictor_Move_08.wav","53208","TIE or X-wing path keyword"
"shattered-galaxy","resource\sound\vehicle\airborne\tie_ca\spawnvoice\ZE_TIE_Interdictor_Move_10.wav","26712","TIE or X-wing path keyword"
"shattered-galaxy","resource\sound\vehicle\airborne\tie_ca\spawnvoice\ZE_TIE_Interdictor_Move_11.wav","48600","TIE or X-wing path keyword"
"shattered-galaxy","resource\sound\vehicle\airborne\tie_ca\spawnvoice\ZE_TIE_Interdictor_Move_12.wav","71640","TIE or X-wing path keyword"
"shattered-galaxy","resource\sound\vehicle\airborne\tie_ca\spawnvoice\ZE_TIE_Interdictor_Move_14.wav","70658","TIE or X-wing path keyword"
"shattered-galaxy","resource\sound\vehicle\airborne\tie_ca\spawnvoice\ZE_TIE_Interdictor_Move_15.wav","45144","TIE or X-wing path keyword"
"shattered-galaxy","resource\sound\vehicle\airborne\tie_ca\spawnvoice\ZE_TIE_Interdictor_Move_Assist_05.wav","63576","TIE or X-wing path keyword"
"shattered-galaxy","resource\sound\vehicle\airborne\tie_ca\spawnvoice\ZE_TIE_Interdictor_Move_Fleet_03.wav","66238","TIE or X-wing path keyword"
"shattered-galaxy","resource\sound\vehicle\airborne\tie_ca\spawnvoice\ZE_TIE_Interdictor_Move_Fleet_05.wav","67032","TIE or X-wing path keyword"
"shattered-galaxy","resource\sound\vehicle\airborne\tie_ca\spawnvoice\ZE_TIE_Interdictor_Select_04.wav","47448","TIE or X-wing path keyword"
"shattered-galaxy","resource\sound\vehicle\airborne\tie_ca\spawnvoice\ZE_TIE_Interdictor_Select_06.wav","63576","TIE or X-wing path keyword"
"shattered-galaxy","resource\sound\vehicle\airborne\tie_ca\spawnvoice\ZE_TIE_Interdictor_Select_07.wav","87768","TIE or X-wing path keyword"
"shattered-galaxy","resource\sound\vehicle\airborne\tie_ca\spawnvoice\ZE_TIE_Interdictor_Select_13.wav","47448","TIE or X-wing path keyword"
"shattered-galaxy","resource\sound\vehicle\airborne\tie_ln\engine.wav","1726380","TIE or X-wing path keyword"
"shattered-galaxy","resource\sound\vehicle\airborne\tie_ln\engine_start.wav","279938","TIE or X-wing path keyword"
"shattered-galaxy","resource\sound\vehicle\airborne\tie_ln\engine_stop.wav","279938","TIE or X-wing path keyword"
"shattered-galaxy","resource\sound\vehicle\airborne\tie_ln\folder.set","62","TIE or X-wing path keyword"
"shattered-galaxy","resource\sound\vehicle\airborne\tie_ln\move.wav","1726380","TIE or X-wing path keyword"
"shattered-galaxy","resource\sound\vehicle\airborne\tie_ln\death\EXP_TIE_FIGHTER_1.WAV","180780","TIE or X-wing path keyword"
"shattered-galaxy","resource\sound\vehicle\airborne\tie_ln\death\EXP_TIE_FIGHTER_2.WAV","232950","TIE or X-wing path keyword"
"shattered-galaxy","resource\sound\vehicle\airborne\tie_ln\death\folder.set","60","TIE or X-wing path keyword"
"shattered-galaxy","resource\sound\vehicle\airborne\tie_ln\flyby\folder.set","54","TIE or X-wing path keyword"
"shattered-galaxy","resource\sound\vehicle\airborne\tie_ln\flyby\SW01_Vehicles_TIE_PassBys_VAR_01 0 0 0.wav","921644","TIE or X-wing path keyword"
"shattered-galaxy","resource\sound\vehicle\airborne\tie_ln\flyby\SW01_Vehicles_TIE_PassBys_VAR_01 1 0 0.wav","921644","TIE or X-wing path keyword"
"shattered-galaxy","resource\sound\vehicle\airborne\tie_ln\flyby\SW01_Vehicles_TIE_PassBys_VAR_01 10 0 0.wav","921648","TIE or X-wing path keyword"
"shattered-galaxy","resource\sound\vehicle\airborne\tie_ln\flyby\SW01_Vehicles_TIE_PassBys_VAR_01 11 0 0.wav","921644","TIE or X-wing path keyword"
"shattered-galaxy","resource\sound\vehicle\airborne\tie_ln\flyby\SW01_Vehicles_TIE_PassBys_VAR_01 12 0 0.wav","921644","TIE or X-wing path keyword"
"shattered-galaxy","resource\sound\vehicle\airborne\tie_ln\flyby\SW01_Vehicles_TIE_PassBys_VAR_01 13 0 0.wav","921644","TIE or X-wing path keyword"
"shattered-galaxy","resource\sound\vehicle\airborne\tie_ln\flyby\SW01_Vehicles_TIE_PassBys_VAR_01 14 0 0.wav","921644","TIE or X-wing path keyword"
"shattered-galaxy","resource\sound\vehicle\airborne\tie_ln\flyby\SW01_Vehicles_TIE_PassBys_VAR_01 15 0 0.wav","921644","TIE or X-wing path keyword"
"shattered-galaxy","resource\sound\vehicle\airborne\tie_ln\flyby\SW01_Vehicles_TIE_PassBys_VAR_01 16 0 0.wav","921644","TIE or X-wing path keyword"
"shattered-galaxy","resource\sound\vehicle\airborne\tie_ln\flyby\SW01_Vehicles_TIE_PassBys_VAR_01 17 0 0.wav","921644","TIE or X-wing path keyword"
"shattered-galaxy","resource\sound\vehicle\airborne\tie_ln\flyby\SW01_Vehicles_TIE_PassBys_VAR_01 18 0 0.wav","921644","TIE or X-wing path keyword"
"shattered-galaxy","resource\sound\vehicle\airborne\tie_ln\flyby\SW01_Vehicles_TIE_PassBys_VAR_01 19 0 0.wav","921644","TIE or X-wing path keyword"
"shattered-galaxy","resource\sound\vehicle\airborne\tie_ln\flyby\SW01_Vehicles_TIE_PassBys_VAR_01 2 0 0.wav","921644","TIE or X-wing path keyword"
"shattered-galaxy","resource\sound\vehicle\airborne\tie_ln\flyby\SW01_Vehicles_TIE_PassBys_VAR_01 20 0 0.wav","921644","TIE or X-wing path keyword"
"shattered-galaxy","resource\sound\vehicle\airborne\tie_ln\flyby\SW01_Vehicles_TIE_PassBys_VAR_01 21 0 0.wav","921644","TIE or X-wing path keyword"
"shattered-galaxy","resource\sound\vehicle\airborne\tie_ln\flyby\SW01_Vehicles_TIE_PassBys_VAR_01 22 0 0.wav","921644","TIE or X-wing path keyword"
"shattered-galaxy","resource\sound\vehicle\airborne\tie_ln\flyby\SW01_Vehicles_TIE_PassBys_VAR_01 23 0 0.wav","921648","TIE or X-wing path keyword"
"shattered-galaxy","resource\sound\vehicle\airborne\tie_ln\flyby\SW01_Vehicles_TIE_PassBys_VAR_01 24 0 0.wav","921644","TIE or X-wing path keyword"
"shattered-galaxy","resource\sound\vehicle\airborne\tie_ln\flyby\SW01_Vehicles_TIE_PassBys_VAR_01 25 0 0.wav","921648","TIE or X-wing path keyword"
"shattered-galaxy","resource\sound\vehicle\airborne\tie_ln\flyby\SW01_Vehicles_TIE_PassBys_VAR_01 26 0 0.wav","921644","TIE or X-wing path keyword"
"shattered-galaxy","resource\sound\vehicle\airborne\tie_ln\flyby\SW01_Vehicles_TIE_PassBys_VAR_01 3 0 0.wav","921644","TIE or X-wing path keyword"
"shattered-galaxy","resource\sound\vehicle\airborne\tie_ln\flyby\SW01_Vehicles_TIE_PassBys_VAR_01 4 0 0.wav","921644","TIE or X-wing path keyword"
"shattered-galaxy","resource\sound\vehicle\airborne\tie_ln\flyby\SW01_Vehicles_TIE_PassBys_VAR_01 5 0 0.wav","921644","TIE or X-wing path keyword"
"shattered-galaxy","resource\sound\vehicle\airborne\tie_ln\flyby\SW01_Vehicles_TIE_PassBys_VAR_01 6 0 0.wav","921644","TIE or X-wing path keyword"
"shattered-galaxy","resource\sound\vehicle\airborne\tie_ln\flyby\SW01_Vehicles_TIE_PassBys_VAR_01 7 0 0.wav","921644","TIE or X-wing path keyword"
"shattered-galaxy","resource\sound\vehicle\airborne\tie_ln\flyby\SW01_Vehicles_TIE_PassBys_VAR_01 8 0 0.wav","921644","TIE or X-wing path keyword"
"shattered-galaxy","resource\sound\vehicle\airborne\tie_ln\flyby\SW01_Vehicles_TIE_PassBys_VAR_01 9 0 0.wav","921644","TIE or X-wing path keyword"
"shattered-galaxy","resource\sound\vehicle\airborne\tie_ln\flyby\SW01_Vehicles_TIE_PassBys_VAR_02 0 0 0.wav","548396","TIE or X-wing path keyword"
"shattered-galaxy","resource\sound\vehicle\airborne\tie_ln\flyby\SW01_Vehicles_TIE_PassBys_VAR_02 1 0 0.wav","394796","TIE or X-wing path keyword"
"shattered-galaxy","resource\sound\vehicle\airborne\tie_ln\flyby\SW01_Vehicles_TIE_PassBys_VAR_02 10 0 0.wav","817196","TIE or X-wing path keyword"
"shattered-galaxy","resource\sound\vehicle\airborne\tie_ln\flyby\SW01_Vehicles_TIE_PassBys_VAR_02 11 0 0.wav","420908","TIE or X-wing path keyword"
"shattered-galaxy","resource\sound\vehicle\airborne\tie_ln\flyby\SW01_Vehicles_TIE_PassBys_VAR_02 12 0 0.wav","540716","TIE or X-wing path keyword"
"shattered-galaxy","resource\sound\vehicle\airborne\tie_ln\flyby\SW01_Vehicles_TIE_PassBys_VAR_02 13 0 0.wav","540716","TIE or X-wing path keyword"
"shattered-galaxy","resource\sound\vehicle\airborne\tie_ln\flyby\SW01_Vehicles_TIE_PassBys_VAR_02 14 0 0.wav","705068","TIE or X-wing path keyword"
"shattered-galaxy","resource\sound\vehicle\airborne\tie_ln\flyby\SW01_Vehicles_TIE_PassBys_VAR_02 15 0 0.wav","606764","TIE or X-wing path keyword"
"shattered-galaxy","resource\sound\vehicle\airborne\tie_ln\flyby\SW01_Vehicles_TIE_PassBys_VAR_02 16 0 0.wav","609836","TIE or X-wing path keyword"
"shattered-galaxy","resource\sound\vehicle\airborne\tie_ln\flyby\SW01_Vehicles_TIE_PassBys_VAR_02 17 0 0.wav","560684","TIE or X-wing path keyword"
"shattered-galaxy","resource\sound\vehicle\airborne\tie_ln\flyby\SW01_Vehicles_TIE_PassBys_VAR_02 18 0 0.wav","529964","TIE or X-wing path keyword"
"shattered-galaxy","resource\sound\vehicle\airborne\tie_ln\flyby\SW01_Vehicles_TIE_PassBys_VAR_02 19 0 0.wav","534572","TIE or X-wing path keyword"
"shattered-galaxy","resource\sound\vehicle\airborne\tie_ln\flyby\SW01_Vehicles_TIE_PassBys_VAR_02 2 0 0.wav","583724","TIE or X-wing path keyword"
"shattered-galaxy","resource\sound\vehicle\airborne\tie_ln\flyby\SW01_Vehicles_TIE_PassBys_VAR_02 3 0 0.wav","517676","TIE or X-wing path keyword"
"shattered-galaxy","resource\sound\vehicle\airborne\tie_ln\flyby\SW01_Vehicles_TIE_PassBys_VAR_02 4 0 0.wav","524972","TIE or X-wing path keyword"
"shattered-galaxy","resource\sound\vehicle\airborne\tie_ln\flyby\SW01_Vehicles_TIE_PassBys_VAR_02 5 0 0.wav","473132","TIE or X-wing path keyword"
"shattered-galaxy","resource\sound\vehicle\airborne\tie_ln\flyby\SW01_Vehicles_TIE_PassBys_VAR_02 6 0 0.wav","711212","TIE or X-wing path keyword"
"shattered-galaxy","resource\sound\vehicle\airborne\tie_ln\flyby\SW01_Vehicles_TIE_PassBys_VAR_02 7 0 0.wav","497708","TIE or X-wing path keyword"
"shattered-galaxy","resource\sound\vehicle\airborne\tie_ln\flyby\SW01_Vehicles_TIE_PassBys_VAR_02 8 0 0.wav","445484","TIE or X-wing path keyword"
"shattered-galaxy","resource\sound\vehicle\airborne\tie_ln\flyby\SW01_Vehicles_TIE_PassBys_VAR_02 9 0 0.wav","520748","TIE or X-wing path keyword"
"shattered-galaxy","resource\sound\vehicle\airborne\tie_ln\flyby\SW01_Vehicles_TIE_PassBys_VAR_03 0 0 0.wav","548396","TIE or X-wing path keyword"
"shattered-galaxy","resource\sound\vehicle\airborne\tie_ln\flyby\SW01_Vehicles_TIE_PassBys_VAR_03 1 0 0.wav","711212","TIE or X-wing path keyword"
"shattered-galaxy","resource\sound\vehicle\airborne\tie_ln\flyby\SW01_Vehicles_TIE_PassBys_VAR_03 10 0 0.wav","524972","TIE or X-wing path keyword"
"shattered-galaxy","resource\sound\vehicle\airborne\tie_ln\flyby\SW01_Vehicles_TIE_PassBys_VAR_03 11 0 0.wav","606764","TIE or X-wing path keyword"
"shattered-galaxy","resource\sound\vehicle\airborne\tie_ln\flyby\SW01_Vehicles_TIE_PassBys_VAR_03 12 0 0.wav","473132","TIE or X-wing path keyword"
"shattered-galaxy","resource\sound\vehicle\airborne\tie_ln\flyby\SW01_Vehicles_TIE_PassBys_VAR_03 13 0 0.wav","497708","TIE or X-wing path keyword"
"shattered-galaxy","resource\sound\vehicle\airborne\tie_ln\flyby\SW01_Vehicles_TIE_PassBys_VAR_03 14 0 0.wav","445484","TIE or X-wing path keyword"
"shattered-galaxy","resource\sound\vehicle\airborne\tie_ln\flyby\SW01_Vehicles_TIE_PassBys_VAR_03 15 0 0.wav","586796","TIE or X-wing path keyword"
"shattered-galaxy","resource\sound\vehicle\airborne\tie_ln\flyby\SW01_Vehicles_TIE_PassBys_VAR_03 16 0 0.wav","420908","TIE or X-wing path keyword"
"shattered-galaxy","resource\sound\vehicle\airborne\tie_ln\flyby\SW01_Vehicles_TIE_PassBys_VAR_03 17 0 0.wav","540716","TIE or X-wing path keyword"
"shattered-galaxy","resource\sound\vehicle\airborne\tie_ln\flyby\SW01_Vehicles_TIE_PassBys_VAR_03 18 0 0.wav","583724","TIE or X-wing path keyword"
"shattered-galaxy","resource\sound\vehicle\airborne\tie_ln\flyby\SW01_Vehicles_TIE_PassBys_VAR_03 19 0 0.wav","540716","TIE or X-wing path keyword"
"shattered-galaxy","resource\sound\vehicle\airborne\tie_ln\flyby\SW01_Vehicles_TIE_PassBys_VAR_03 2 0 0.wav","609836","TIE or X-wing path keyword"
"shattered-galaxy","resource\sound\vehicle\airborne\tie_ln\flyby\SW01_Vehicles_TIE_PassBys_VAR_03 3 0 0.wav","534572","TIE or X-wing path keyword"
"shattered-galaxy","resource\sound\vehicle\airborne\tie_ln\flyby\SW01_Vehicles_TIE_PassBys_VAR_03 4 0 0.wav","520748","TIE or X-wing path keyword"
"shattered-galaxy","resource\sound\vehicle\airborne\tie_ln\flyby\SW01_Vehicles_TIE_PassBys_VAR_03 5 0 0.wav","817196","TIE or X-wing path keyword"
"shattered-galaxy","resource\sound\vehicle\airborne\tie_ln\flyby\SW01_Vehicles_TIE_PassBys_VAR_03 6 0 0.wav","517676","TIE or X-wing path keyword"
"shattered-galaxy","resource\sound\vehicle\airborne\tie_ln\flyby\SW01_Vehicles_TIE_PassBys_VAR_03 7 0 0.wav","705068","TIE or X-wing path keyword"
"shattered-galaxy","resource\sound\vehicle\airborne\tie_ln\flyby\SW01_Vehicles_TIE_PassBys_VAR_03 8 0 0.wav","560684","TIE or X-wing path keyword"
"shattered-galaxy","resource\sound\vehicle\airborne\tie_ln\flyby\SW01_Vehicles_TIE_PassBys_VAR_03 9 0 0.wav","529964","TIE or X-wing path keyword"
"shattered-galaxy","resource\sound\vehicle\airborne\tie_ln\flyby\SW01_Vehicles_TIE_PassBys_VAR_04 0 0 0.wav","960044","TIE or X-wing path keyword"
"shattered-galaxy","resource\sound\vehicle\airborne\tie_ln\flyby\SW01_Vehicles_TIE_PassBys_VAR_04 1 0 0.wav","960044","TIE or X-wing path keyword"
"shattered-galaxy","resource\sound\vehicle\airborne\tie_ln\flyby\SW01_Vehicles_TIE_PassBys_VAR_04 10 0 0.wav","768044","TIE or X-wing path keyword"
"shattered-galaxy","resource\sound\vehicle\airborne\tie_ln\flyby\SW01_Vehicles_TIE_PassBys_VAR_04 11 0 0.wav","960044","TIE or X-wing path keyword"
"shattered-galaxy","resource\sound\vehicle\airborne\tie_ln\flyby\SW01_Vehicles_TIE_PassBys_VAR_04 12 0 0.wav","1152044","TIE or X-wing path keyword"
"shattered-galaxy","resource\sound\vehicle\airborne\tie_ln\flyby\SW01_Vehicles_TIE_PassBys_VAR_04 13 0 0.wav","960044","TIE or X-wing path keyword"
"shattered-galaxy","resource\sound\vehicle\airborne\tie_ln\flyby\SW01_Vehicles_TIE_PassBys_VAR_04 14 0 0.wav","960044","TIE or X-wing path keyword"
"shattered-galaxy","resource\sound\vehicle\airborne\tie_ln\flyby\SW01_Vehicles_TIE_PassBys_VAR_04 15 0 0.wav","960044","TIE or X-wing path keyword"
"shattered-galaxy","resource\sound\vehicle\airborne\tie_ln\flyby\SW01_Vehicles_TIE_PassBys_VAR_04 16 0 0.wav","960044","TIE or X-wing path keyword"
"shattered-galaxy","resource\sound\vehicle\airborne\tie_ln\flyby\SW01_Vehicles_TIE_PassBys_VAR_04 17 0 0.wav","960044","TIE or X-wing path keyword"
"shattered-galaxy","resource\sound\vehicle\airborne\tie_ln\flyby\SW01_Vehicles_TIE_PassBys_VAR_04 18 0 0.wav","960044","TIE or X-wing path keyword"
"shattered-galaxy","resource\sound\vehicle\airborne\tie_ln\flyby\SW01_Vehicles_TIE_PassBys_VAR_04 19 0 0.wav","960044","TIE or X-wing path keyword"
"shattered-galaxy","resource\sound\vehicle\airborne\tie_ln\flyby\SW01_Vehicles_TIE_PassBys_VAR_04 2 0 0.wav","960044","TIE or X-wing path keyword"
"shattered-galaxy","resource\sound\vehicle\airborne\tie_ln\flyby\SW01_Vehicles_TIE_PassBys_VAR_04 3 0 0.wav","960044","TIE or X-wing path keyword"
"shattered-galaxy","resource\sound\vehicle\airborne\tie_ln\flyby\SW01_Vehicles_TIE_PassBys_VAR_04 4 0 0.wav","960044","TIE or X-wing path keyword"
"shattered-galaxy","resource\sound\vehicle\airborne\tie_ln\flyby\SW01_Vehicles_TIE_PassBys_VAR_04 5 0 0.wav","960044","TIE or X-wing path keyword"
"shattered-galaxy","resource\sound\vehicle\airborne\tie_ln\flyby\SW01_Vehicles_TIE_PassBys_VAR_04 6 0 0.wav","768044","TIE or X-wing path keyword"
"shattered-galaxy","resource\sound\vehicle\airborne\tie_ln\flyby\SW01_Vehicles_TIE_PassBys_VAR_04 7 0 0.wav","960044","TIE or X-wing path keyword"
"shattered-galaxy","resource\sound\vehicle\airborne\tie_ln\flyby\SW01_Vehicles_TIE_PassBys_VAR_04 8 0 0.wav","960044","TIE or X-wing path keyword"
"shattered-galaxy","resource\sound\vehicle\airborne\tie_ln\flyby\SW01_Vehicles_TIE_PassBys_VAR_04 9 0 0.wav","960044","TIE or X-wing path keyword"
"shattered-galaxy","resource\sound\vehicle\airborne\tie_ln\spawnvoice\E_TIE_Fighter_Ground_Move_01.wav","21642","TIE or X-wing path keyword"
"shattered-galaxy","resource\sound\vehicle\airborne\tie_ln\spawnvoice\E_TIE_Fighter_Ground_Move_02.wav","21836","TIE or X-wing path keyword"
"shattered-galaxy","resource\sound\vehicle\airborne\tie_ln\spawnvoice\E_TIE_Fighter_Ground_Move_03.wav","17590","TIE or X-wing path keyword"
"shattered-galaxy","resource\sound\vehicle\airborne\tie_ln\spawnvoice\E_TIE_Fighter_Ground_Move_04.wav","18714","TIE or X-wing path keyword"
"shattered-galaxy","resource\sound\vehicle\airborne\tie_ln\spawnvoice\E_TIE_Fighter_Ground_Move_05.wav","28834","TIE or X-wing path keyword"
"shattered-galaxy","resource\sound\vehicle\airborne\tie_ln\spawnvoice\E_TIE_Fighter_Ground_Move_06.wav","27688","TIE or X-wing path keyword"
"shattered-galaxy","resource\sound\vehicle\airborne\tie_ln\spawnvoice\E_TIE_Fighter_Ground_Move_07.wav","29972","TIE or X-wing path keyword"
"shattered-galaxy","resource\sound\vehicle\airborne\tie_ln\spawnvoice\E_TIE_Fighter_Ground_Move_08.wav","25276","TIE or X-wing path keyword"
"shattered-galaxy","resource\sound\vehicle\airborne\tie_ln\spawnvoice\E_TIE_Fighter_Ground_Move_09.wav","16408","TIE or X-wing path keyword"
"shattered-galaxy","resource\sound\vehicle\airborne\tie_ln\spawnvoice\E_TIE_Fighter_Ground_Move_10.wav","24764","TIE or X-wing path keyword"
"shattered-galaxy","resource\sound\vehicle\airborne\tie_ln\spawnvoice\E_TIE_Fighter_Ground_Move_11.wav","23890","TIE or X-wing path keyword"
"shattered-galaxy","resource\sound\vehicle\airborne\tie_ln\spawnvoice\E_TIE_Fighter_Ground_Move_12.wav","22530","TIE or X-wing path keyword"
"shattered-galaxy","resource\sound\vehicle\airborne\tie_ln\spawnvoice\E_TIE_Fighter_Ground_Move_13.wav","31824","TIE or X-wing path keyword"
"shattered-galaxy","resource\sound\vehicle\airborne\tie_ln\spawnvoice\E_TIE_Fighter_Ground_Select_01.wav","36384","TIE or X-wing path keyword"
"shattered-galaxy","resource\sound\vehicle\airborne\tie_ln\spawnvoice\E_TIE_Fighter_Ground_Select_03.wav","33926","TIE or X-wing path keyword"
"shattered-galaxy","resource\sound\vehicle\airborne\tie_ln\spawnvoice\E_TIE_Fighter_Ground_Select_07.wav","27390","TIE or X-wing path keyword"
"shattered-galaxy","resource\sound\vehicle\airborne\tie_ln\spawnvoice\E_TIE_Fighter_Move_01.wav","14958","TIE or X-wing path keyword"
"shattered-galaxy","resource\sound\vehicle\airborne\tie_ln\spawnvoice\E_TIE_Fighter_Move_02.wav","25696","TIE or X-wing path keyword"
"shattered-galaxy","resource\sound\vehicle\airborne\tie_ln\spawnvoice\E_TIE_Fighter_Move_03.wav","25236","TIE or X-wing path keyword"
"shattered-galaxy","resource\sound\vehicle\airborne\tie_ln\spawnvoice\E_TIE_Fighter_Move_04.wav","30514","TIE or X-wing path keyword"
"shattered-galaxy","resource\sound\vehicle\airborne\tie_ln\spawnvoice\E_TIE_Fighter_Select_04.wav","21438","TIE or X-wing path keyword"
"shattered-galaxy","resource\sound\vehicle\airborne\tie_ln\spawnvoice\folder.set","60","TIE or X-wing path keyword"
"shattered-galaxy","resource\sound\vehicle\airborne\tie_sa\engine.wav","1677476","TIE or X-wing path keyword"
"shattered-galaxy","resource\sound\vehicle\airborne\tie_sa\engine_start.wav","335918","TIE or X-wing path keyword"
"shattered-galaxy","resource\sound\vehicle\airborne\tie_sa\engine_stop.wav","335918","TIE or X-wing path keyword"
"shattered-galaxy","resource\sound\vehicle\airborne\tie_sa\folder.set","62","TIE or X-wing path keyword"
"shattered-galaxy","resource\sound\vehicle\airborne\tie_sa\move.wav","1677476","TIE or X-wing path keyword"
"shattered-galaxy","resource\sound\vehicle\airborne\tie_sa\death\EXP_TIE_FIGHTER_1.WAV","180780","TIE or X-wing path keyword"
"shattered-galaxy","resource\sound\vehicle\airborne\tie_sa\death\EXP_TIE_FIGHTER_2.WAV","232950","TIE or X-wing path keyword"
"shattered-galaxy","resource\sound\vehicle\airborne\tie_sa\flyby\folder.set","54","TIE or X-wing path keyword"
"shattered-galaxy","resource\sound\vehicle\airborne\tie_sa\flyby\SW02_Vehicles_TIEBomber_PassBy_01 0 0 0.wav","985900","TIE or X-wing path keyword"
"shattered-galaxy","resource\sound\vehicle\airborne\tie_sa\flyby\SW02_Vehicles_TIEBomber_PassBy_01 1 0 0.wav","760364","TIE or X-wing path keyword"
"shattered-galaxy","resource\sound\vehicle\airborne\tie_sa\flyby\SW02_Vehicles_TIEBomber_PassBy_01 10 0 0.wav","953900","TIE or X-wing path keyword"
"shattered-galaxy","resource\sound\vehicle\airborne\tie_sa\flyby\SW02_Vehicles_TIEBomber_PassBy_01 11 0 0.wav","956460","TIE or X-wing path keyword"
"shattered-galaxy","resource\sound\vehicle\airborne\tie_sa\flyby\SW02_Vehicles_TIEBomber_PassBy_01 12 0 0.wav","944684","TIE or X-wing path keyword"
"shattered-galaxy","resource\sound\vehicle\airborne\tie_sa\flyby\SW02_Vehicles_TIEBomber_PassBy_01 13 0 0.wav","944044","TIE or X-wing path keyword"
"shattered-galaxy","resource\sound\vehicle\airborne\tie_sa\flyby\SW02_Vehicles_TIEBomber_PassBy_01 14 0 0.wav","976940","TIE or X-wing path keyword"
"shattered-galaxy","resource\sound\vehicle\airborne\tie_sa\flyby\SW02_Vehicles_TIEBomber_PassBy_01 15 0 0.wav","959788","TIE or X-wing path keyword"
"shattered-galaxy","resource\sound\vehicle\airborne\tie_sa\flyby\SW02_Vehicles_TIEBomber_PassBy_01 16 0 0.wav","953004","TIE or X-wing path keyword"
"shattered-galaxy","resource\sound\vehicle\airborne\tie_sa\flyby\SW02_Vehicles_TIEBomber_PassBy_01 17 0 0.wav","962604","TIE or X-wing path keyword"
"shattered-galaxy","resource\sound\vehicle\airborne\tie_sa\flyby\SW02_Vehicles_TIEBomber_PassBy_01 18 0 0.wav","777772","TIE or X-wing path keyword"
"shattered-galaxy","resource\sound\vehicle\airborne\tie_sa\flyby\SW02_Vehicles_TIEBomber_PassBy_01 19 0 0.wav","1145644","TIE or X-wing path keyword"
"shattered-galaxy","resource\sound\vehicle\airborne\tie_sa\flyby\SW02_Vehicles_TIEBomber_PassBy_01 2 0 0.wav","958252","TIE or X-wing path keyword"
"shattered-galaxy","resource\sound\vehicle\airborne\tie_sa\flyby\SW02_Vehicles_TIEBomber_PassBy_01 3 0 0.wav","961580","TIE or X-wing path keyword"
"shattered-galaxy","resource\sound\vehicle\airborne\tie_sa\flyby\SW02_Vehicles_TIEBomber_PassBy_01 4 0 0.wav","980012","TIE or X-wing path keyword"
"shattered-galaxy","resource\sound\vehicle\airborne\tie_sa\flyby\SW02_Vehicles_TIEBomber_PassBy_01 5 0 0.wav","983852","TIE or X-wing path keyword"
"shattered-galaxy","resource\sound\vehicle\airborne\tie_sa\flyby\SW02_Vehicles_TIEBomber_PassBy_01 6 0 0.wav","957996","TIE or X-wing path keyword"
"shattered-galaxy","resource\sound\vehicle\airborne\tie_sa\flyby\SW02_Vehicles_TIEBomber_PassBy_01 7 0 0.wav","965676","TIE or X-wing path keyword"
"shattered-galaxy","resource\sound\vehicle\airborne\tie_sa\flyby\SW02_Vehicles_TIEBomber_PassBy_01 8 0 0.wav","956204","TIE or X-wing path keyword"
"shattered-galaxy","resource\sound\vehicle\airborne\tie_sa\flyby\SW02_Vehicles_TIEBomber_PassBy_01 9 0 0.wav","924204","TIE or X-wing path keyword"
"shattered-galaxy","resource\sound\vehicle\airborne\tie_sa\spawnvoice\E_TIE_Bomber_Attack_01.wav","34260","TIE or X-wing path keyword"
"shattered-galaxy","resource\sound\vehicle\airborne\tie_sa\spawnvoice\E_TIE_Bomber_Attack_02.wav","25652","TIE or X-wing path keyword"
"shattered-galaxy","resource\sound\vehicle\airborne\tie_sa\spawnvoice\E_TIE_Bomber_Attack_03.wav","44646","TIE or X-wing path keyword"
"shattered-galaxy","resource\sound\vehicle\airborne\tie_sa\spawnvoice\E_TIE_Bomber_Attack_04.wav","26430","TIE or X-wing path keyword"
"shattered-galaxy","resource\sound\vehicle\airborne\tie_sa\spawnvoice\E_TIE_Bomber_Ground_Attack_01.wav","30226","TIE or X-wing path keyword"
"shattered-galaxy","resource\sound\vehicle\airborne\tie_sa\spawnvoice\E_TIE_Bomber_Ground_Attack_02.wav","27270","TIE or X-wing path keyword"
"shattered-galaxy","resource\sound\vehicle\airborne\tie_sa\spawnvoice\E_TIE_Bomber_Ground_Attack_03.wav","28068","TIE or X-wing path keyword"
"shattered-galaxy","resource\sound\vehicle\airborne\tie_sa\spawnvoice\E_TIE_Bomber_Ground_Attack_05.wav","30450","TIE or X-wing path keyword"
"shattered-galaxy","resource\sound\vehicle\airborne\tie_sa\spawnvoice\E_TIE_Bomber_Ground_Attack_06.wav","21382","TIE or X-wing path keyword"
"shattered-galaxy","resource\sound\vehicle\airborne\tie_sa\spawnvoice\E_TIE_Bomber_Ground_Move_01.wav","20368","TIE or X-wing path keyword"
"shattered-galaxy","resource\sound\vehicle\airborne\tie_sa\spawnvoice\E_TIE_Bomber_Ground_Move_04.wav","16286","TIE or X-wing path keyword"
"shattered-galaxy","resource\sound\vehicle\airborne\tie_sa\spawnvoice\E_TIE_Bomber_Ground_Move_05.wav","15726","TIE or X-wing path keyword"
"shattered-galaxy","resource\sound\vehicle\airborne\tie_sa\spawnvoice\E_TIE_Bomber_Ground_Move_06.wav","16848","TIE or X-wing path keyword"
"shattered-galaxy","resource\sound\vehicle\airborne\tie_sa\spawnvoice\E_TIE_Bomber_Ground_Move_07.wav","35214","TIE or X-wing path keyword"
"shattered-galaxy","resource\sound\vehicle\airborne\tie_sa\spawnvoice\E_TIE_Bomber_Ground_Move_08.wav","25100","TIE or X-wing path keyword"
"shattered-galaxy","resource\sound\vehicle\airborne\tie_sa\spawnvoice\E_TIE_Bomber_Ground_Move_09.wav","20392","TIE or X-wing path keyword"
"shattered-galaxy","resource\sound\vehicle\airborne\tie_sa\spawnvoice\E_TIE_Bomber_Ground_Move_10.wav","31222","TIE or X-wing path keyword"
"shattered-galaxy","resource\sound\vehicle\airborne\tie_sa\spawnvoice\E_TIE_Bomber_Ground_Select_03.wav","19476","TIE or X-wing path keyword"
"shattered-galaxy","resource\sound\vehicle\airborne\tie_sa\spawnvoice\E_TIE_Bomber_Ground_Select_04.wav","20230","TIE or X-wing path keyword"
"shattered-galaxy","resource\sound\vehicle\airborne\tie_sa\spawnvoice\E_TIE_Bomber_Ground_Select_06.wav","33228","TIE or X-wing path keyword"
"shattered-galaxy","resource\sound\vehicle\airborne\tie_sa\spawnvoice\E_TIE_Bomber_Ground_Select_07.wav","17714","TIE or X-wing path keyword"
"shattered-galaxy","resource\sound\vehicle\airborne\tie_sa\spawnvoice\E_TIE_Bomber_Ground_Select_08.wav","25818","TIE or X-wing path keyword"
"shattered-galaxy","resource\sound\vehicle\airborne\tie_sa\spawnvoice\E_TIE_Bomber_Move_01.wav","20640","TIE or X-wing path keyword"
"shattered-galaxy","resource\sound\vehicle\airborne\tie_sa\spawnvoice\E_TIE_Bomber_Move_02.wav","25072","TIE or X-wing path keyword"
"shattered-galaxy","resource\sound\vehicle\airborne\tie_sa\spawnvoice\E_TIE_Bomber_Move_03.wav","29778","TIE or X-wing path keyword"
"shattered-galaxy","resource\sound\vehicle\airborne\tie_sa\spawnvoice\E_TIE_Bomber_Move_04.wav","29210","TIE or X-wing path keyword"
"shattered-galaxy","resource\sound\vehicle\airborne\tie_sa\spawnvoice\E_TIE_Bomber_Select_01.wav","31952","TIE or X-wing path keyword"
"shattered-galaxy","resource\sound\vehicle\airborne\tie_sa\spawnvoice\E_TIE_Bomber_Select_02.wav","22402","TIE or X-wing path keyword"
"shattered-galaxy","resource\sound\vehicle\airborne\tie_sa\spawnvoice\E_TIE_Bomber_Select_03.wav","30428","TIE or X-wing path keyword"
"shattered-galaxy","resource\sound\vehicle\airborne\tie_sa\spawnvoice\E_TIE_Bomber_Select_04.wav","33346","TIE or X-wing path keyword"
"shattered-galaxy","resource\sound\vehicle\airborne\tie_sa\spawnvoice\folder.set","60","TIE or X-wing path keyword"
"shattered-galaxy","resource\sound\vehicle\airborne\x-wing\death.WAV","179756","TIE or X-wing path keyword"
"shattered-galaxy","resource\sound\vehicle\airborne\x-wing\engine.wav","4247084","TIE or X-wing path keyword"
"shattered-galaxy","resource\sound\vehicle\airborne\x-wing\folder.set","62","TIE or X-wing path keyword"
"shattered-galaxy","resource\sound\vehicle\airborne\x-wing\move.wav","4247084","TIE or X-wing path keyword"
"shattered-galaxy","resource\sound\vehicle\airborne\x-wing\flyby\folder.set","54","TIE or X-wing path keyword"
"shattered-galaxy","resource\sound\vehicle\airborne\x-wing\flyby\SW01_Vehicles_X-Wing_PassBys_VAR_01 1 0 0.wav","921644","TIE or X-wing path keyword"
"shattered-galaxy","resource\sound\vehicle\airborne\x-wing\flyby\SW01_Vehicles_X-Wing_PassBys_VAR_01 12 0 0.wav","921644","TIE or X-wing path keyword"
"shattered-galaxy","resource\sound\vehicle\airborne\x-wing\flyby\SW01_Vehicles_X-Wing_PassBys_VAR_01 13 0 0.wav","921644","TIE or X-wing path keyword"
"shattered-galaxy","resource\sound\vehicle\airborne\x-wing\flyby\SW01_Vehicles_X-Wing_PassBys_VAR_01 14 0 0.wav","921644","TIE or X-wing path keyword"
"shattered-galaxy","resource\sound\vehicle\airborne\x-wing\flyby\SW01_Vehicles_X-Wing_PassBys_VAR_01 15 0 0.wav","921644","TIE or X-wing path keyword"
"shattered-galaxy","resource\sound\vehicle\airborne\x-wing\flyby\SW01_Vehicles_X-Wing_PassBys_VAR_01 2 0 0.wav","921644","TIE or X-wing path keyword"
"shattered-galaxy","resource\sound\vehicle\airborne\x-wing\flyby\SW01_Vehicles_X-Wing_PassBys_VAR_01 4 0 0.wav","921644","TIE or X-wing path keyword"
"shattered-galaxy","resource\sound\vehicle\airborne\x-wing\flyby\SW01_Vehicles_X-Wing_PassBys_VAR_01 5 0 0.wav","921644","TIE or X-wing path keyword"
"shattered-galaxy","resource\sound\vehicle\airborne\x-wing\flyby\SW01_Vehicles_X-Wing_PassBys_VAR_01 6 0 0.wav","921644","TIE or X-wing path keyword"
"shattered-galaxy","resource\sound\vehicle\airborne\x-wing\flyby\SW01_Vehicles_X-Wing_PassBys_VAR_01 7 0 0.wav","921644","TIE or X-wing path keyword"
"shattered-galaxy","resource\sound\vehicle\airborne\x-wing\flyby\SW01_Vehicles_X-Wing_PassBys_VAR_01 8 0 0.wav","921644","TIE or X-wing path keyword"
"shattered-galaxy","resource\sound\vehicle\airborne\x-wing\flyby\SW01_Vehicles_X-Wing_PassBys_VAR_01 9 0 0.wav","921644","TIE or X-wing path keyword"
"shattered-galaxy","resource\sound\vehicle\airborne\x-wing\flyby\SW01_Vehicles_X-Wing_PassBys_VAR_02 0 0 0.wav","921644","TIE or X-wing path keyword"
"shattered-galaxy","resource\sound\vehicle\airborne\x-wing\flyby\SW01_Vehicles_X-Wing_PassBys_VAR_02 1 0 0.wav","883376","TIE or X-wing path keyword"
"shattered-galaxy","resource\sound\vehicle\airborne\x-wing\spawnvoice\folder.set","60","TIE or X-wing path keyword"
"shattered-galaxy","resource\sound\vehicle\airborne\x-wing\spawnvoice\R_X_Wing_Attack_01.wav","38148","TIE or X-wing path keyword"
"shattered-galaxy","resource\sound\vehicle\airborne\x-wing\spawnvoice\R_X_Wing_Attack_02.wav","16926","TIE or X-wing path keyword"
"shattered-galaxy","resource\sound\vehicle\airborne\x-wing\spawnvoice\R_X_Wing_Attack_03.wav","40726","TIE or X-wing path keyword"
"shattered-galaxy","resource\sound\vehicle\airborne\x-wing\spawnvoice\R_X_Wing_Attack_04.wav","21490","TIE or X-wing path keyword"
"shattered-galaxy","resource\sound\vehicle\airborne\x-wing\spawnvoice\R_X_Wing_Move_01.wav","36436","TIE or X-wing path keyword"
"shattered-galaxy","resource\sound\vehicle\airborne\x-wing\spawnvoice\R_X_Wing_Move_02.wav","10496","TIE or X-wing path keyword"
"shattered-galaxy","resource\sound\vehicle\airborne\x-wing\spawnvoice\R_X_Wing_Move_03.wav","24680","TIE or X-wing path keyword"
"shattered-galaxy","resource\sound\vehicle\airborne\x-wing\spawnvoice\R_X_Wing_Move_04.wav","17214","TIE or X-wing path keyword"
"shattered-galaxy","resource\sound\weapon\shot\cannon\s1\1p\25mm_t1b\GUN_X_WING_1.WAV","19692","TIE or X-wing path keyword"
"shattered-galaxy","resource\sound\weapon\shot\cannon\s1\3p\25mm_t1b\GUN_X_WING_1.WAV","19692","TIE or X-wing path keyword"
"shattered-galaxy","resource\sound\weapon\shot\cannon\s1\d1\25mm_t1b\GUN_X_WING_1.WAV","19692","TIE or X-wing path keyword"
"shattered-galaxy","resource\sound\weapon\shot\cannon\s1\d2\25mm_t1b\GUN_X_WING_1.WAV","19692","TIE or X-wing path keyword"
"shattered-galaxy","resource\sound\weapon\shot\cannon\s1\d3\25mm_t1b\GUN_X_WING_1.WAV","19692","TIE or X-wing path keyword"
"shattered-galaxy","resource\sound\weapon\shot\cannon\s2\1p\30mm_tie_mauler\TIE Laser 1A.wav","263892","TIE or X-wing path keyword"
"shattered-galaxy","resource\sound\weapon\shot\cannon\s2\1p\30mm_tie_mauler\TIE Laser 1B.wav","246686","TIE or X-wing path keyword"
"shattered-galaxy","resource\sound\weapon\shot\cannon\s2\1p\30mm_tie_mauler\TIE Laser 1C.wav","52450","TIE or X-wing path keyword"
"shattered-galaxy","resource\sound\weapon\shot\cannon\s2\1p\30mm_tie_mauler\TIE Laser 2A.wav","257048","TIE or X-wing path keyword"
"shattered-galaxy","resource\sound\weapon\shot\cannon\s2\1p\30mm_tie_mauler\TIE Laser 2B.wav","90484","TIE or X-wing path keyword"
"shattered-galaxy","resource\sound\weapon\shot\cannon\s2\1p\30mm_tie_mauler\TIE Laser 2C.wav","74412","TIE or X-wing path keyword"
"shattered-galaxy","resource\sound\weapon\shot\cannon\s2\1p\30mm_tie_mauler\TIE Laser 2D.wav","103236","TIE or X-wing path keyword"
"shattered-galaxy","resource\sound\weapon\shot\cannon\s2\1p\30mm_tie_mauler\TIE Laser 2E.wav","175916","TIE or X-wing path keyword"
"shattered-galaxy","resource\sound\weapon\shot\cannon\s2\1p\30mm_xwing\GUN_X_WING_1.WAV","19692","TIE or X-wing path keyword"
"shattered-galaxy","resource\sound\weapon\shot\cannon\s2\1p\40mm_tie_in\GUN_TIE_FIGHTER_2.WAV","201296","TIE or X-wing path keyword"
"shattered-galaxy","resource\sound\weapon\shot\cannon\s2\1p\40mm_tie_ln\GUN_TIE_FIGHTER_2.WAV","201296","TIE or X-wing path keyword"
"shattered-galaxy","resource\sound\weapon\shot\cannon\s2\3p\30mm_xwing\GUN_X_WING_1.WAV","19692","TIE or X-wing path keyword"
"shattered-galaxy","resource\sound\weapon\shot\cannon\s2\3p\40mm_tie_in\GUN_TIE_FIGHTER_2.WAV","201296","TIE or X-wing path keyword"
"shattered-galaxy","resource\sound\weapon\shot\cannon\s2\3p\40mm_tie_ln\GUN_TIE_FIGHTER_2.WAV","201296","TIE or X-wing path keyword"
"shattered-galaxy","resource\sound\weapon\shot\cannon\s2\d1\30mm_xwing\GUN_X_WING_1.WAV","19692","TIE or X-wing path keyword"
"shattered-galaxy","resource\sound\weapon\shot\cannon\s2\d1\40mm_tie_in\GUN_TIE_FIGHTER_2.WAV","201296","TIE or X-wing path keyword"
"shattered-galaxy","resource\sound\weapon\shot\cannon\s2\d1\40mm_tie_ln\GUN_TIE_FIGHTER_2.WAV","201296","TIE or X-wing path keyword"
"shattered-galaxy","resource\sound\weapon\shot\cannon\s2\d2\30mm_xwing\GUN_X_WING_1.WAV","19692","TIE or X-wing path keyword"
"shattered-galaxy","resource\sound\weapon\shot\cannon\s2\d2\40mm_tie_in\GUN_TIE_FIGHTER_2.WAV","201296","TIE or X-wing path keyword"
"shattered-galaxy","resource\sound\weapon\shot\cannon\s2\d2\40mm_tie_ln\GUN_TIE_FIGHTER_2.WAV","201296","TIE or X-wing path keyword"
"shattered-galaxy","resource\sound\weapon\shot\cannon\s2\d3\30mm_xwing\GUN_X_WING_1.WAV","19692","TIE or X-wing path keyword"
"shattered-galaxy","resource\sound\weapon\shot\cannon\s2\d3\40mm_tie_in\GUN_TIE_FIGHTER_2.WAV","201296","TIE or X-wing path keyword"
"shattered-galaxy","resource\sound\weapon\shot\cannon\s2\d3\40mm_tie_ln\GUN_TIE_FIGHTER_2.WAV","201296","TIE or X-wing path keyword"
"shattered-galaxy","resource\sound\weapon\shot\cannon\s4\1p\85mm_tie_crawler\Juggernaut_topturret1.wav","157718","TIE or X-wing path keyword"
"shattered-galaxy","resource\sound\weapon\shot\cannon\s4\1p\85mm_tie_crawler\Juggernaut_topturret2.wav","107794","TIE or X-wing path keyword"
"shattered-galaxy","resource\sound\weapon\shot\cannon\s4\3p\85mm_tie_crawler\Juggernaut_topturret1.wav","157718","TIE or X-wing path keyword"
"shattered-galaxy","resource\sound\weapon\shot\cannon\s4\3p\85mm_tie_crawler\Juggernaut_topturret2.wav","107794","TIE or X-wing path keyword"
"shattered-galaxy","resource\sound\weapon\shot\cannon\s4\d1\85mm_tie_crawler\Juggernaut_topturret1.wav","157718","TIE or X-wing path keyword"
"shattered-galaxy","resource\sound\weapon\shot\cannon\s4\d1\85mm_tie_crawler\Juggernaut_topturret2.wav","107794","TIE or X-wing path keyword"
"shattered-galaxy","resource\sound\weapon\shot\cannon\s4\d2\85mm_tie_crawler\Juggernaut_topturret1.wav","157718","TIE or X-wing path keyword"
"shattered-galaxy","resource\sound\weapon\shot\cannon\s4\d2\85mm_tie_crawler\Juggernaut_topturret2.wav","107794","TIE or X-wing path keyword"
"shattered-galaxy","resource\sound\weapon\shot\cannon\s4\d3\85mm_tie_crawler\Juggernaut_topturret1.wav","157718","TIE or X-wing path keyword"
"shattered-galaxy","resource\sound\weapon\shot\cannon\s4\d3\85mm_tie_crawler\Juggernaut_topturret2.wav","107794","TIE or X-wing path keyword"
"shattered-galaxy","resource\sound\weapon\shot\reactive\tie_sa_bomb\tx130_missile.wav","146380","TIE or X-wing path keyword"
"shattered-galaxy","resource\texture\common\[dif]\SW\imp\tie_advancedx1_body.dds","2097280","TIE or X-wing path keyword"
"shattered-galaxy","resource\texture\common\[dif]\SW\imp\tie_advancedx1_body_sp.dds","2097280","TIE or X-wing path keyword"
"shattered-galaxy","resource\texture\common\[dif]\SW\imp\tie_advancedx1_wing.dds","2097280","TIE or X-wing path keyword"
"shattered-galaxy","resource\texture\common\[dif]\SW\imp\tie_advancedx1_wing_sp.dds","2097280","TIE or X-wing path keyword"
"shattered-galaxy","resource\texture\common\[dif]\SW\imp\tie_bomber.dds","2097280","TIE or X-wing path keyword"
"shattered-galaxy","resource\texture\common\[dif]\SW\imp\tie_bomber_sp.dds","2097280","TIE or X-wing path keyword"
"shattered-galaxy","resource\texture\common\[dif]\SW\imp\Tie_Fighter_body#2.dds","2097280","TIE or X-wing path keyword"
"shattered-galaxy","resource\texture\common\[dif]\SW\imp\tie_fighter_body.dds","2097280","TIE or X-wing path keyword"
"shattered-galaxy","resource\texture\common\[dif]\SW\imp\tie_fighter_body_sp.dds","2097280","TIE or X-wing path keyword"
"shattered-galaxy","resource\texture\common\[dif]\SW\imp\tie_fighter_cockpit_window_sp.dds","524416","TIE or X-wing path keyword"
"shattered-galaxy","resource\texture\common\[dif]\SW\imp\Tie_Fighter_Wing#2.dds","2097280","TIE or X-wing path keyword"
"shattered-galaxy","resource\texture\common\[dif]\SW\imp\tie_fighter_wing.dds","2097280","TIE or X-wing path keyword"
"shattered-galaxy","resource\texture\common\[dif]\SW\imp\tie_fighter_wing_sp.dds","2097280","TIE or X-wing path keyword"
"shattered-galaxy","resource\texture\common\[dif]\SW\imp\tie_interceptor_body#royal.dds","2097280","TIE or X-wing path keyword"
"shattered-galaxy","resource\texture\common\[dif]\SW\imp\tie_interceptor_body.dds","2097280","TIE or X-wing path keyword"
"shattered-galaxy","resource\texture\common\[dif]\SW\imp\tie_interceptor_wing#royal.dds","2097280","TIE or X-wing path keyword"
"shattered-galaxy","resource\texture\common\[dif]\SW\imp\tie_interceptor_wing.dds","2097280","TIE or X-wing path keyword"
"shattered-galaxy","resource\texture\common\[dif]\SW\imp\tie_interceptor_wing_sp.dds","2097280","TIE or X-wing path keyword"
"shattered-galaxy","resource\texture\common\[gaw_vehicles]\empire\ships\TIEs\tie_advancedx1_body.dds","5592560","TIE or X-wing path keyword"
"shattered-galaxy","resource\texture\common\[gaw_vehicles]\empire\ships\TIEs\tie_advancedx1_body_sp.dds","5592560","TIE or X-wing path keyword"
"shattered-galaxy","resource\texture\common\[gaw_vehicles]\empire\ships\TIEs\tie_advancedx1_wing.dds","5592560","TIE or X-wing path keyword"
"shattered-galaxy","resource\texture\common\[gaw_vehicles]\empire\ships\TIEs\tie_advancedx1_wing_sp.dds","5592560","TIE or X-wing path keyword"
"shattered-galaxy","resource\texture\common\[gaw_vehicles]\empire\ships\TIEs\tie_bomber.dds","5592560","TIE or X-wing path keyword"
"shattered-galaxy","resource\texture\common\[gaw_vehicles]\empire\ships\TIEs\tie_bomber_sp.dds","5592560","TIE or X-wing path keyword"
"shattered-galaxy","resource\texture\common\[gaw_vehicles]\empire\ships\TIEs\Tie_Fighter_body.dds","5592560","TIE or X-wing path keyword"
"shattered-galaxy","resource\texture\common\[gaw_vehicles]\empire\ships\TIEs\tie_fighter_body_sp.dds","5592560","TIE or X-wing path keyword"
"shattered-galaxy","resource\texture\common\[gaw_vehicles]\empire\ships\TIEs\tie_fighter_cockpit_window_sp.dds","1398256","TIE or X-wing path keyword"
"shattered-galaxy","resource\texture\common\[gaw_vehicles]\empire\ships\TIEs\Tie_Fighter_Wing.dds","5592560","TIE or X-wing path keyword"
"shattered-galaxy","resource\texture\common\[gaw_vehicles]\empire\ships\TIEs\tie_fighter_wing_sp.dds","5592560","TIE or X-wing path keyword"
"shattered-galaxy","resource\texture\common\[gaw_vehicles]\empire\ships\TIEs\tie_interceptor_body#royal.dds","5592560","TIE or X-wing path keyword"
"shattered-galaxy","resource\texture\common\[gaw_vehicles]\empire\ships\TIEs\tie_interceptor_body.dds","5592560","TIE or X-wing path keyword"
"shattered-galaxy","resource\texture\common\[gaw_vehicles]\empire\ships\TIEs\tie_interceptor_wing#royal.dds","5592560","TIE or X-wing path keyword"
"shattered-galaxy","resource\texture\common\[gaw_vehicles]\empire\ships\TIEs\tie_interceptor_wing.dds","5592560","TIE or X-wing path keyword"
"shattered-galaxy","resource\texture\common\[gaw_vehicles]\empire\ships\TIEs\tie_interceptor_wing_sp.dds","5592560","TIE or X-wing path keyword"
"shattered-galaxy","resource\texture\common\{SG_Vehicle}\airborne\tie_striker\t_dirtyglass_01_msr1.dds","1398256","TIE or X-wing path keyword"
"shattered-galaxy","resource\texture\common\{SG_Vehicle}\airborne\tie_striker\t_tiestriker_body_c.dds","5592560","TIE or X-wing path keyword"
"shattered-galaxy","resource\texture\common\{SG_Vehicle}\airborne\tie_striker\t_tiestriker_wings_c.dds","5592560","TIE or X-wing path keyword"
"shattered-galaxy","resource\texture\common\{SG_Vehicle}\airborne\xwing\reb_xwing_c.dds","2796344","TIE or X-wing path keyword"
"shattered-galaxy","resource\texture\common\{SG_Vehicle}\airborne\xwing\tex1_0.dds","160","TIE or X-wing path keyword"
